case_id,case_type,court_name,ipc_section,duration_months,evidence_strength_score,prior_offenses,claimed_amount_inr,predicted_win_probability,case_outcome
CAS-2026-1000,Cyber Fraud,District & Sessions Court,IPC 307 (Attempt to Murder),26,0.87,0,1364008,58.6,Bail Denied
CAS-2026-1001,Cheque Bounce u/s 138,Karnataka High Court,IPC 420 (Cheating),38,0.32,1,6556942,81.1,Bail Granted
CAS-2026-1002,Divorce & Maintenance,Supreme Court of India,IPC 307 (Attempt to Murder),1,0.74,0,2868654,55.3,Case Dismissed
CAS-2026-1003,Cyber Fraud,Karnataka High Court,NI Act 138 (Cheque Bounce),20,0.86,2,7161944,57.5,Bail Denied
CAS-2026-1004,Criminal Breach of Trust,Karnataka High Court,IPC 379 (Theft),28,0.42,0,9870820,61.8,Injunction Issued
CAS-2026-1005,Divorce & Maintenance,District & Sessions Court,NI Act 138 (Cheque Bounce),16,0.77,0,9747720,74.5,Case Dismissed
CAS-2026-1006,Divorce & Maintenance,Bombay High Court,IPC 379 (Theft),47,0.36,1,3976345,67.7,Settlement Agreed
CAS-2026-1007,Cyber Fraud,Delhi High Court,IPC 120B (Criminal Conspiracy),17,0.37,0,6157174,82.3,Injunction Issued
CAS-2026-1008,Property Dispute,Supreme Court of India,IPC 379 (Theft),40,0.2,1,2333414,55.7,Bail Denied
CAS-2026-1009,Criminal Breach of Trust,District & Sessions Court,IPC 498A (Cruelty),28,0.49,3,6234678,45.5,Case Dismissed
CAS-2026-1010,Cyber Fraud,Bombay High Court,NI Act 138 (Cheque Bounce),12,0.75,0,8492939,83.8,Injunction Issued
CAS-2026-1011,Criminal Breach of Trust,Delhi High Court,IPC 420 (Cheating),27,0.94,0,1665976,86.1,Case Dismissed
CAS-2026-1012,Criminal Breach of Trust,Delhi High Court,IPC 120B (Criminal Conspiracy),42,0.64,0,4076808,48.0,Case Dismissed
CAS-2026-1013,Divorce & Maintenance,District & Sessions Court,IPC 498A (Cruelty),47,0.87,1,7730725,75.5,Case Dismissed
CAS-2026-1014,Cheque Bounce u/s 138,Madras High Court,IPC 307 (Attempt to Murder),30,0.83,1,8701462,63.9,Bail Denied
CAS-2026-1015,Criminal Breach of Trust,Supreme Court of India,NI Act 138 (Cheque Bounce),41,0.25,0,4844353,84.7,Injunction Issued
CAS-2026-1016,Contract Violation,Delhi High Court,IT Act 66D,34,0.53,0,1653416,88.7,Bail Granted
CAS-2026-1017,Divorce & Maintenance,District & Sessions Court,IT Act 66D,37,0.2,0,7360219,87.6,Bail Granted
CAS-2026-1018,Property Dispute,District & Sessions Court,IPC 420 (Cheating),6,0.71,1,3056156,83.9,Bail Denied
CAS-2026-1019,Cheque Bounce u/s 138,Bombay High Court,IPC 379 (Theft),7,0.95,0,2381696,58.5,Bail Denied
CAS-2026-1020,Contract Violation,Madras High Court,IPC 420 (Cheating),32,0.22,0,1233243,85.6,Case Dismissed
CAS-2026-1021,Contract Violation,Supreme Court of India,IT Act 66D,32,0.75,0,104677,71.7,Injunction Issued
CAS-2026-1022,Property Dispute,Karnataka High Court,IPC 307 (Attempt to Murder),25,0.66,1,8693188,47.6,Injunction Issued
CAS-2026-1023,Cheque Bounce u/s 138,Bombay High Court,IPC 120B (Criminal Conspiracy),33,0.62,0,230334,67.8,Settlement Agreed
CAS-2026-1024,Divorce & Maintenance,Delhi High Court,IPC 120B (Criminal Conspiracy),7,0.45,0,4657885,92.1,Settlement Agreed
CAS-2026-1025,Bail Application,Delhi High Court,NI Act 138 (Cheque Bounce),12,0.42,0,5262425,89.4,Bail Granted
CAS-2026-1026,Cheque Bounce u/s 138,Bombay High Court,IPC 120B (Criminal Conspiracy),16,0.14,0,2608963,50.1,Settlement Agreed
CAS-2026-1027,Property Dispute,District & Sessions Court,NI Act 138 (Cheque Bounce),16,0.29,1,7920707,82.2,Settlement Agreed
CAS-2026-1028,Contract Violation,Delhi High Court,NI Act 138 (Cheque Bounce),43,0.11,3,5927316,85.3,Bail Granted
CAS-2026-1029,Divorce & Maintenance,Madras High Court,NI Act 138 (Cheque Bounce),36,0.62,0,658745,58.6,Bail Granted
CAS-2026-1030,Cheque Bounce u/s 138,Supreme Court of India,IT Act 66D,13,0.19,0,9055427,68.6,Settlement Agreed
CAS-2026-1031,Bail Application,Madras High Court,IT Act 66D,7,0.88,0,8682851,80.5,Injunction Issued
CAS-2026-1032,Bail Application,Delhi High Court,IPC 379 (Theft),36,0.57,0,2970741,67.0,Settlement Agreed
CAS-2026-1033,Criminal Breach of Trust,Karnataka High Court,IPC 498A (Cruelty),47,0.72,1,8010091,50.6,Case Dismissed
CAS-2026-1034,Criminal Breach of Trust,Supreme Court of India,NI Act 138 (Cheque Bounce),9,0.47,0,717423,80.3,Case Dismissed
CAS-2026-1035,Cyber Fraud,Supreme Court of India,NI Act 138 (Cheque Bounce),32,0.6,0,9079250,90.6,Case Dismissed
CAS-2026-1036,Property Dispute,Bombay High Court,IPC 498A (Cruelty),11,0.94,0,9125639,77.6,Bail Denied
CAS-2026-1037,Cheque Bounce u/s 138,Bombay High Court,IPC 420 (Cheating),8,0.17,0,2965893,83.7,Case Dismissed
CAS-2026-1038,Cheque Bounce u/s 138,Karnataka High Court,NI Act 138 (Cheque Bounce),33,0.33,0,1350844,62.9,Injunction Issued
CAS-2026-1039,Cyber Fraud,District & Sessions Court,IPC 379 (Theft),23,0.79,0,1016094,54.2,Bail Denied
CAS-2026-1040,Contract Violation,Supreme Court of India,IPC 120B (Criminal Conspiracy),25,0.19,0,4389361,77.1,Bail Denied
CAS-2026-1041,Contract Violation,Karnataka High Court,IPC 120B (Criminal Conspiracy),8,0.17,1,9575593,61.4,Case Dismissed
CAS-2026-1042,Cyber Fraud,Bombay High Court,IPC 307 (Attempt to Murder),45,0.42,0,346889,88.0,Settlement Agreed
CAS-2026-1043,Contract Violation,Bombay High Court,IPC 307 (Attempt to Murder),22,0.18,0,6819142,51.1,Bail Granted
CAS-2026-1044,Criminal Breach of Trust,Supreme Court of India,IPC 120B (Criminal Conspiracy),4,0.62,2,1565088,66.7,Settlement Agreed
CAS-2026-1045,Cheque Bounce u/s 138,Madras High Court,IPC 120B (Criminal Conspiracy),40,0.3,0,6247878,64.8,Settlement Agreed
CAS-2026-1046,Cyber Fraud,Delhi High Court,IT Act 66D,3,0.9,1,6715316,91.9,Bail Denied
CAS-2026-1047,Cheque Bounce u/s 138,Bombay High Court,IPC 379 (Theft),29,0.8,0,5369262,52.7,Bail Denied
CAS-2026-1048,Bail Application,District & Sessions Court,IPC 498A (Cruelty),41,0.72,0,4284251,45.5,Bail Denied
CAS-2026-1049,Criminal Breach of Trust,District & Sessions Court,IPC 307 (Attempt to Murder),29,0.65,0,6938163,56.9,Injunction Issued
CAS-2026-1050,Divorce & Maintenance,Bombay High Court,IT Act 66D,34,0.87,0,4375542,86.0,Injunction Issued
CAS-2026-1051,Criminal Breach of Trust,Madras High Court,IT Act 66D,34,0.3,0,5336840,55.5,Bail Granted
CAS-2026-1052,Cyber Fraud,Madras High Court,IPC 498A (Cruelty),28,0.88,2,1843227,57.0,Bail Denied
CAS-2026-1053,Divorce & Maintenance,Karnataka High Court,IT Act 66D,13,0.8,0,7760064,51.5,Case Dismissed
CAS-2026-1054,Bail Application,District & Sessions Court,IPC 379 (Theft),15,0.77,0,686470,80.8,Bail Denied
CAS-2026-1055,Cyber Fraud,Karnataka High Court,IPC 120B (Criminal Conspiracy),23,0.6,0,7270364,48.5,Injunction Issued
CAS-2026-1056,Property Dispute,District & Sessions Court,NI Act 138 (Cheque Bounce),44,0.32,0,4074409,61.6,Bail Denied
CAS-2026-1057,Cheque Bounce u/s 138,Delhi High Court,IPC 498A (Cruelty),26,0.48,0,277216,59.1,Injunction Issued
CAS-2026-1058,Bail Application,Delhi High Court,IPC 120B (Criminal Conspiracy),4,0.81,0,4749292,72.8,Bail Denied
CAS-2026-1059,Cheque Bounce u/s 138,Supreme Court of India,IPC 120B (Criminal Conspiracy),26,0.13,1,2276512,81.5,Case Dismissed
CAS-2026-1060,Contract Violation,Karnataka High Court,IPC 420 (Cheating),40,0.8,3,3783460,71.6,Bail Granted
CAS-2026-1061,Property Dispute,Bombay High Court,IPC 498A (Cruelty),9,0.31,0,8612270,91.6,Case Dismissed
CAS-2026-1062,Property Dispute,Karnataka High Court,IT Act 66D,5,0.23,0,1918352,92.6,Injunction Issued
CAS-2026-1063,Bail Application,Bombay High Court,NI Act 138 (Cheque Bounce),32,0.2,2,3344571,63.1,Settlement Agreed
CAS-2026-1064,Property Dispute,Madras High Court,IPC 498A (Cruelty),20,0.12,1,2994558,83.9,Case Dismissed
CAS-2026-1065,Divorce & Maintenance,Karnataka High Court,IT Act 66D,11,0.57,0,9125046,81.9,Bail Denied
CAS-2026-1066,Property Dispute,Madras High Court,IPC 120B (Criminal Conspiracy),15,0.29,2,1580175,89.6,Bail Granted
CAS-2026-1067,Cheque Bounce u/s 138,Delhi High Court,NI Act 138 (Cheque Bounce),32,0.98,0,1929484,67.4,Bail Denied
CAS-2026-1068,Cheque Bounce u/s 138,Delhi High Court,IT Act 66D,28,0.61,2,1767690,71.5,Bail Denied
CAS-2026-1069,Cyber Fraud,Supreme Court of India,IPC 379 (Theft),22,0.22,0,4519425,65.8,Case Dismissed
CAS-2026-1070,Cheque Bounce u/s 138,Karnataka High Court,IT Act 66D,41,0.71,0,7317037,87.5,Bail Granted
CAS-2026-1071,Cyber Fraud,Madras High Court,IPC 420 (Cheating),17,0.9,1,5117226,56.5,Settlement Agreed
CAS-2026-1072,Cheque Bounce u/s 138,Bombay High Court,IPC 120B (Criminal Conspiracy),26,0.76,0,2846153,57.0,Bail Denied
CAS-2026-1073,Divorce & Maintenance,Delhi High Court,IT Act 66D,44,0.17,0,8460927,63.6,Bail Granted
CAS-2026-1074,Cyber Fraud,Delhi High Court,IPC 307 (Attempt to Murder),7,0.9,0,1204188,56.5,Settlement Agreed
CAS-2026-1075,Criminal Breach of Trust,Bombay High Court,IPC 307 (Attempt to Murder),42,0.81,2,7392496,73.1,Bail Denied
CAS-2026-1076,Contract Violation,Madras High Court,IPC 420 (Cheating),26,0.24,1,5225614,51.7,Bail Granted
CAS-2026-1077,Bail Application,Madras High Court,IPC 379 (Theft),25,0.15,1,3883112,61.0,Case Dismissed
CAS-2026-1078,Cheque Bounce u/s 138,Karnataka High Court,IPC 120B (Criminal Conspiracy),10,0.6,0,2406569,90.7,Bail Denied
CAS-2026-1079,Property Dispute,Karnataka High Court,IPC 498A (Cruelty),45,0.24,1,311463,65.5,Bail Denied
CAS-2026-1080,Cheque Bounce u/s 138,District & Sessions Court,IPC 420 (Cheating),19,0.84,0,7285300,82.4,Bail Granted
CAS-2026-1081,Property Dispute,District & Sessions Court,IPC 379 (Theft),11,0.42,0,368602,50.7,Bail Denied
CAS-2026-1082,Contract Violation,Supreme Court of India,IPC 498A (Cruelty),13,0.91,1,2494820,57.4,Settlement Agreed
CAS-2026-1083,Contract Violation,Delhi High Court,IPC 307 (Attempt to Murder),8,0.6,0,9150821,85.4,Bail Denied
CAS-2026-1084,Contract Violation,Karnataka High Court,IPC 307 (Attempt to Murder),40,0.26,0,5645501,83.1,Injunction Issued
CAS-2026-1085,Property Dispute,Madras High Court,IPC 498A (Cruelty),4,0.22,0,4836912,64.3,Settlement Agreed
CAS-2026-1086,Cheque Bounce u/s 138,Bombay High Court,IPC 420 (Cheating),47,0.61,0,2607720,92.7,Bail Granted
CAS-2026-1087,Contract Violation,Madras High Court,IPC 307 (Attempt to Murder),31,0.78,1,3842849,90.5,Settlement Agreed
CAS-2026-1088,Divorce & Maintenance,Delhi High Court,IPC 120B (Criminal Conspiracy),28,0.8,0,8582084,93.1,Injunction Issued
CAS-2026-1089,Cyber Fraud,District & Sessions Court,NI Act 138 (Cheque Bounce),11,0.35,1,214560,66.4,Injunction Issued
CAS-2026-1090,Property Dispute,Madras High Court,IT Act 66D,43,0.28,0,5215011,54.9,Bail Denied
CAS-2026-1091,Property Dispute,Supreme Court of India,IPC 498A (Cruelty),1,0.11,0,1449987,76.3,Bail Denied
CAS-2026-1092,Cheque Bounce u/s 138,Delhi High Court,IPC 498A (Cruelty),47,0.7,0,9357849,79.2,Case Dismissed
CAS-2026-1093,Property Dispute,District & Sessions Court,IPC 307 (Attempt to Murder),38,0.17,1,649656,51.3,Settlement Agreed
CAS-2026-1094,Property Dispute,Bombay High Court,IPC 420 (Cheating),24,0.47,0,3680885,84.3,Case Dismissed
CAS-2026-1095,Contract Violation,District & Sessions Court,IPC 120B (Criminal Conspiracy),47,0.64,2,7644022,45.9,Injunction Issued
CAS-2026-1096,Cheque Bounce u/s 138,Supreme Court of India,IPC 420 (Cheating),31,0.93,0,3503209,69.1,Bail Denied
CAS-2026-1097,Contract Violation,Delhi High Court,IPC 379 (Theft),41,0.38,0,3095785,61.6,Bail Denied
CAS-2026-1098,Cyber Fraud,Bombay High Court,IPC 379 (Theft),46,0.32,0,4080125,82.0,Bail Denied
CAS-2026-1099,Cyber Fraud,Supreme Court of India,NI Act 138 (Cheque Bounce),26,0.68,2,7001013,60.6,Bail Granted
CAS-2026-1100,Contract Violation,District & Sessions Court,IPC 307 (Attempt to Murder),5,0.65,1,1926629,86.3,Injunction Issued
CAS-2026-1101,Cyber Fraud,Supreme Court of India,IPC 307 (Attempt to Murder),20,0.4,0,5818365,74.7,Bail Denied
CAS-2026-1102,Cheque Bounce u/s 138,Delhi High Court,IPC 307 (Attempt to Murder),41,0.93,0,8389985,84.7,Injunction Issued
CAS-2026-1103,Bail Application,Karnataka High Court,NI Act 138 (Cheque Bounce),11,0.85,0,8580287,94.5,Bail Denied
CAS-2026-1104,Contract Violation,Supreme Court of India,IPC 379 (Theft),33,0.3,1,1439083,79.0,Settlement Agreed
CAS-2026-1105,Divorce & Maintenance,Supreme Court of India,IPC 420 (Cheating),38,0.31,0,5504672,94.2,Injunction Issued
CAS-2026-1106,Divorce & Maintenance,District & Sessions Court,NI Act 138 (Cheque Bounce),27,0.56,1,3803367,46.4,Case Dismissed
CAS-2026-1107,Property Dispute,District & Sessions Court,NI Act 138 (Cheque Bounce),34,0.79,2,8075343,61.9,Bail Granted
CAS-2026-1108,Cyber Fraud,Bombay High Court,IPC 420 (Cheating),15,0.14,0,6034385,50.4,Case Dismissed
CAS-2026-1109,Divorce & Maintenance,District & Sessions Court,IPC 307 (Attempt to Murder),32,0.72,1,3990702,58.1,Injunction Issued
CAS-2026-1110,Property Dispute,Madras High Court,IPC 120B (Criminal Conspiracy),21,0.68,0,2474151,86.9,Bail Denied
CAS-2026-1111,Bail Application,Delhi High Court,IPC 420 (Cheating),46,0.31,0,6820841,46.6,Injunction Issued
CAS-2026-1112,Cheque Bounce u/s 138,Delhi High Court,IPC 379 (Theft),5,0.71,0,7701709,71.0,Bail Granted
CAS-2026-1113,Cheque Bounce u/s 138,Karnataka High Court,IPC 498A (Cruelty),6,0.94,0,277476,73.4,Injunction Issued
CAS-2026-1114,Cheque Bounce u/s 138,Karnataka High Court,IPC 498A (Cruelty),38,0.14,1,1299217,73.1,Bail Denied
CAS-2026-1115,Divorce & Maintenance,Delhi High Court,IT Act 66D,22,0.38,0,2775877,68.8,Case Dismissed
CAS-2026-1116,Bail Application,Karnataka High Court,IT Act 66D,18,0.49,0,8406042,84.5,Settlement Agreed
CAS-2026-1117,Divorce & Maintenance,Bombay High Court,NI Act 138 (Cheque Bounce),14,0.9,0,3049908,51.7,Case Dismissed
CAS-2026-1118,Cyber Fraud,District & Sessions Court,IPC 498A (Cruelty),10,0.96,0,6576625,60.5,Bail Denied
CAS-2026-1119,Divorce & Maintenance,Delhi High Court,IPC 120B (Criminal Conspiracy),46,0.5,0,2031441,75.8,Bail Denied
CAS-2026-1120,Bail Application,Karnataka High Court,IPC 307 (Attempt to Murder),13,0.77,0,365033,79.5,Bail Granted
CAS-2026-1121,Bail Application,Delhi High Court,IPC 379 (Theft),31,0.57,0,9624338,65.2,Injunction Issued
CAS-2026-1122,Cyber Fraud,Madras High Court,IT Act 66D,30,0.58,1,6599998,88.8,Injunction Issued
CAS-2026-1123,Bail Application,Supreme Court of India,IPC 120B (Criminal Conspiracy),3,0.35,1,9645257,65.8,Case Dismissed
CAS-2026-1124,Bail Application,District & Sessions Court,IPC 379 (Theft),30,0.29,0,5562774,65.1,Settlement Agreed
CAS-2026-1125,Cheque Bounce u/s 138,Delhi High Court,IPC 379 (Theft),6,0.36,1,5918812,46.8,Settlement Agreed
CAS-2026-1126,Cyber Fraud,Supreme Court of India,IPC 307 (Attempt to Murder),29,0.6,0,6211053,72.6,Bail Granted
CAS-2026-1127,Criminal Breach of Trust,Karnataka High Court,NI Act 138 (Cheque Bounce),8,0.13,0,942329,80.4,Bail Denied
CAS-2026-1128,Criminal Breach of Trust,Supreme Court of India,IPC 498A (Cruelty),44,0.91,0,9682190,50.7,Bail Granted
CAS-2026-1129,Bail Application,District & Sessions Court,IPC 307 (Attempt to Murder),45,0.24,0,7843343,60.3,Injunction Issued
CAS-2026-1130,Criminal Breach of Trust,Delhi High Court,IPC 120B (Criminal Conspiracy),43,0.3,0,9377584,84.1,Bail Denied
CAS-2026-1131,Criminal Breach of Trust,Madras High Court,NI Act 138 (Cheque Bounce),44,0.56,1,274588,63.3,Bail Granted
CAS-2026-1132,Bail Application,Karnataka High Court,IPC 120B (Criminal Conspiracy),33,0.73,0,3873618,57.1,Case Dismissed
CAS-2026-1133,Criminal Breach of Trust,Delhi High Court,NI Act 138 (Cheque Bounce),17,0.19,1,7736805,78.6,Injunction Issued
CAS-2026-1134,Divorce & Maintenance,District & Sessions Court,IT Act 66D,11,0.38,0,1630332,54.8,Settlement Agreed
CAS-2026-1135,Property Dispute,Karnataka High Court,IPC 120B (Criminal Conspiracy),13,0.96,1,4839023,89.8,Bail Granted
CAS-2026-1136,Cyber Fraud,Bombay High Court,IPC 307 (Attempt to Murder),11,0.33,0,7627837,50.3,Injunction Issued
CAS-2026-1137,Property Dispute,Supreme Court of India,NI Act 138 (Cheque Bounce),31,0.38,0,1133290,80.3,Injunction Issued
CAS-2026-1138,Bail Application,District & Sessions Court,NI Act 138 (Cheque Bounce),28,0.84,0,4725535,70.0,Settlement Agreed
CAS-2026-1139,Cheque Bounce u/s 138,Bombay High Court,IPC 379 (Theft),44,0.14,0,6947129,88.5,Settlement Agreed
CAS-2026-1140,Cyber Fraud,Delhi High Court,IPC 379 (Theft),6,0.51,0,7558136,51.3,Settlement Agreed
CAS-2026-1141,Bail Application,Madras High Court,IPC 420 (Cheating),41,0.44,1,3258546,78.9,Bail Granted
CAS-2026-1142,Cheque Bounce u/s 138,Karnataka High Court,IPC 120B (Criminal Conspiracy),16,0.38,0,8970046,73.6,Settlement Agreed
CAS-2026-1143,Property Dispute,Supreme Court of India,IPC 379 (Theft),4,0.35,1,4868424,69.0,Case Dismissed
CAS-2026-1144,Bail Application,Karnataka High Court,IPC 420 (Cheating),35,0.18,0,6170243,69.6,Injunction Issued
CAS-2026-1145,Cyber Fraud,Delhi High Court,IT Act 66D,26,0.38,1,1358542,81.1,Settlement Agreed
CAS-2026-1146,Cyber Fraud,Karnataka High Court,IT Act 66D,12,0.14,0,9609388,91.9,Injunction Issued
CAS-2026-1147,Contract Violation,Supreme Court of India,IPC 379 (Theft),11,0.8,0,7449953,49.6,Bail Denied
CAS-2026-1148,Divorce & Maintenance,Delhi High Court,IPC 120B (Criminal Conspiracy),37,0.45,2,4172091,46.0,Bail Denied
CAS-2026-1149,Criminal Breach of Trust,Karnataka High Court,NI Act 138 (Cheque Bounce),25,0.5,0,9792748,85.3,Settlement Agreed
CAS-2026-1150,Cheque Bounce u/s 138,Madras High Court,IPC 498A (Cruelty),18,0.9,0,7514440,50.4,Injunction Issued
CAS-2026-1151,Contract Violation,District & Sessions Court,IPC 120B (Criminal Conspiracy),19,0.69,0,3893868,94.3,Bail Denied
CAS-2026-1152,Criminal Breach of Trust,Delhi High Court,IPC 307 (Attempt to Murder),23,0.11,0,1691711,76.0,Settlement Agreed
CAS-2026-1153,Criminal Breach of Trust,District & Sessions Court,IT Act 66D,38,0.94,0,1728853,77.5,Injunction Issued
CAS-2026-1154,Bail Application,Delhi High Court,IPC 379 (Theft),18,0.31,1,2158721,54.9,Settlement Agreed
CAS-2026-1155,Criminal Breach of Trust,Madras High Court,IPC 379 (Theft),26,0.2,0,2060391,57.0,Injunction Issued
CAS-2026-1156,Divorce & Maintenance,District & Sessions Court,NI Act 138 (Cheque Bounce),6,0.78,0,4757448,78.0,Bail Denied
CAS-2026-1157,Cyber Fraud,Bombay High Court,IPC 307 (Attempt to Murder),4,0.55,0,7492367,90.5,Settlement Agreed
CAS-2026-1158,Contract Violation,Supreme Court of India,NI Act 138 (Cheque Bounce),44,0.49,0,6256225,94.1,Bail Denied
CAS-2026-1159,Criminal Breach of Trust,Bombay High Court,IPC 307 (Attempt to Murder),29,0.32,0,4176773,54.9,Settlement Agreed
CAS-2026-1160,Bail Application,Karnataka High Court,IPC 498A (Cruelty),34,0.59,1,5493333,51.7,Bail Granted
CAS-2026-1161,Divorce & Maintenance,Madras High Court,IT Act 66D,17,0.34,0,4612121,47.8,Bail Denied
CAS-2026-1162,Property Dispute,Bombay High Court,IPC 379 (Theft),43,0.9,1,7008008,88.4,Bail Denied
CAS-2026-1163,Cyber Fraud,Delhi High Court,IPC 379 (Theft),43,0.29,0,8547680,59.7,Case Dismissed
CAS-2026-1164,Cyber Fraud,Karnataka High Court,IPC 498A (Cruelty),16,0.89,0,3983337,45.1,Bail Denied
CAS-2026-1165,Contract Violation,Karnataka High Court,IPC 420 (Cheating),2,0.6,0,6000726,56.2,Injunction Issued
CAS-2026-1166,Cyber Fraud,Bombay High Court,IT Act 66D,34,0.84,0,2263843,62.0,Settlement Agreed
CAS-2026-1167,Criminal Breach of Trust,Bombay High Court,NI Act 138 (Cheque Bounce),8,0.73,0,2862594,94.5,Bail Granted
CAS-2026-1168,Bail Application,Madras High Court,IPC 498A (Cruelty),13,0.72,0,7786281,71.2,Injunction Issued
CAS-2026-1169,Cyber Fraud,Supreme Court of India,NI Act 138 (Cheque Bounce),42,0.39,1,4301390,55.2,Injunction Issued
CAS-2026-1170,Cyber Fraud,Bombay High Court,IPC 120B (Criminal Conspiracy),8,0.31,0,8878570,61.7,Injunction Issued
CAS-2026-1171,Property Dispute,Bombay High Court,IPC 379 (Theft),30,0.29,1,3577899,61.5,Injunction Issued
CAS-2026-1172,Property Dispute,District & Sessions Court,NI Act 138 (Cheque Bounce),32,0.86,0,9290288,46.0,Bail Granted
CAS-2026-1173,Cheque Bounce u/s 138,Delhi High Court,IPC 307 (Attempt to Murder),36,0.83,2,4231279,51.8,Case Dismissed
CAS-2026-1174,Divorce & Maintenance,District & Sessions Court,NI Act 138 (Cheque Bounce),47,0.49,1,9431137,79.8,Bail Denied
CAS-2026-1175,Criminal Breach of Trust,District & Sessions Court,IPC 120B (Criminal Conspiracy),30,0.22,0,2186172,51.0,Injunction Issued
CAS-2026-1176,Cyber Fraud,Karnataka High Court,IT Act 66D,1,0.44,1,1465265,56.5,Bail Denied
CAS-2026-1177,Cyber Fraud,Supreme Court of India,IPC 379 (Theft),43,0.65,0,3342222,62.5,Bail Denied
CAS-2026-1178,Bail Application,Delhi High Court,IPC 498A (Cruelty),39,0.5,1,8604589,82.9,Injunction Issued
CAS-2026-1179,Cheque Bounce u/s 138,Madras High Court,IPC 120B (Criminal Conspiracy),17,0.79,0,7422933,74.1,Case Dismissed
CAS-2026-1180,Divorce & Maintenance,Madras High Court,IPC 379 (Theft),20,0.99,0,9810622,79.4,Bail Denied
CAS-2026-1181,Cheque Bounce u/s 138,Bombay High Court,NI Act 138 (Cheque Bounce),24,0.27,1,8777177,73.4,Settlement Agreed
CAS-2026-1182,Contract Violation,Bombay High Court,IT Act 66D,22,0.51,0,9212679,79.2,Bail Denied
CAS-2026-1183,Divorce & Maintenance,Madras High Court,IPC 420 (Cheating),29,0.48,0,3356505,45.1,Injunction Issued
CAS-2026-1184,Cyber Fraud,Bombay High Court,IT Act 66D,22,0.37,1,8891249,91.5,Bail Granted
CAS-2026-1185,Cyber Fraud,Supreme Court of India,IPC 420 (Cheating),44,0.28,0,4912056,50.5,Bail Denied
CAS-2026-1186,Divorce & Maintenance,District & Sessions Court,IPC 307 (Attempt to Murder),9,0.16,0,3876764,65.3,Case Dismissed
CAS-2026-1187,Cyber Fraud,Bombay High Court,IT Act 66D,37,0.89,0,1615538,83.6,Settlement Agreed
CAS-2026-1188,Criminal Breach of Trust,Karnataka High Court,IPC 379 (Theft),10,0.47,0,4949666,66.8,Settlement Agreed
CAS-2026-1189,Divorce & Maintenance,Bombay High Court,IPC 420 (Cheating),36,0.54,3,3499618,92.3,Bail Granted
CAS-2026-1190,Cheque Bounce u/s 138,Delhi High Court,IPC 498A (Cruelty),37,0.92,0,6825630,68.4,Bail Granted
CAS-2026-1191,Divorce & Maintenance,Supreme Court of India,IPC 379 (Theft),28,0.79,0,3504629,88.7,Bail Denied
CAS-2026-1192,Cyber Fraud,Delhi High Court,IPC 498A (Cruelty),28,0.22,0,2292848,85.5,Injunction Issued
CAS-2026-1193,Criminal Breach of Trust,Delhi High Court,IT Act 66D,42,0.6,1,2873219,94.0,Case Dismissed
CAS-2026-1194,Criminal Breach of Trust,Karnataka High Court,IPC 498A (Cruelty),43,0.49,0,4964912,91.3,Settlement Agreed
CAS-2026-1195,Contract Violation,Supreme Court of India,IPC 420 (Cheating),21,0.81,0,1744173,89.9,Bail Granted
CAS-2026-1196,Cheque Bounce u/s 138,Supreme Court of India,IPC 379 (Theft),24,0.74,2,9457832,81.6,Case Dismissed
CAS-2026-1197,Property Dispute,Supreme Court of India,NI Act 138 (Cheque Bounce),42,0.71,0,4361725,63.3,Injunction Issued
CAS-2026-1198,Property Dispute,Supreme Court of India,IPC 120B (Criminal Conspiracy),40,0.4,0,8725044,50.3,Settlement Agreed
CAS-2026-1199,Divorce & Maintenance,Supreme Court of India,IPC 420 (Cheating),2,0.82,0,5645636,79.4,Settlement Agreed
CAS-2026-1200,Contract Violation,Karnataka High Court,IPC 420 (Cheating),8,0.15,0,5880618,93.9,Injunction Issued
CAS-2026-1201,Bail Application,Bombay High Court,NI Act 138 (Cheque Bounce),27,0.24,0,5352371,81.3,Settlement Agreed
CAS-2026-1202,Divorce & Maintenance,Delhi High Court,IPC 379 (Theft),22,0.4,0,2314178,91.4,Injunction Issued
CAS-2026-1203,Contract Violation,Supreme Court of India,IPC 379 (Theft),37,0.17,1,174804,85.2,Settlement Agreed
CAS-2026-1204,Cheque Bounce u/s 138,Bombay High Court,IT Act 66D,27,0.31,0,3076877,53.2,Bail Denied
CAS-2026-1205,Cheque Bounce u/s 138,Bombay High Court,IPC 498A (Cruelty),29,0.84,1,3889514,57.5,Injunction Issued
CAS-2026-1206,Cheque Bounce u/s 138,Delhi High Court,IT Act 66D,3,0.94,0,5057107,62.1,Case Dismissed
CAS-2026-1207,Cheque Bounce u/s 138,Karnataka High Court,NI Act 138 (Cheque Bounce),44,0.37,1,2072871,53.4,Bail Denied
CAS-2026-1208,Cheque Bounce u/s 138,Madras High Court,IT Act 66D,13,0.34,1,2040483,74.1,Case Dismissed
CAS-2026-1209,Contract Violation,Madras High Court,NI Act 138 (Cheque Bounce),45,0.35,0,3011898,93.8,Settlement Agreed
CAS-2026-1210,Contract Violation,Bombay High Court,IPC 379 (Theft),10,0.35,0,8975943,83.1,Case Dismissed
CAS-2026-1211,Criminal Breach of Trust,District & Sessions Court,IPC 498A (Cruelty),36,0.13,0,5327365,66.2,Bail Denied
CAS-2026-1212,Property Dispute,District & Sessions Court,IT Act 66D,9,0.92,1,7789262,45.2,Injunction Issued
CAS-2026-1213,Cyber Fraud,Delhi High Court,IPC 420 (Cheating),27,0.29,1,3609163,60.7,Bail Granted
CAS-2026-1214,Cheque Bounce u/s 138,Madras High Court,IPC 307 (Attempt to Murder),34,0.47,0,6925711,71.3,Case Dismissed
CAS-2026-1215,Bail Application,Bombay High Court,IPC 120B (Criminal Conspiracy),1,0.11,0,1361402,61.2,Bail Granted
CAS-2026-1216,Cyber Fraud,Karnataka High Court,IPC 420 (Cheating),32,0.86,0,9855459,50.6,Case Dismissed
CAS-2026-1217,Contract Violation,Madras High Court,IPC 379 (Theft),25,0.75,1,2226028,67.1,Case Dismissed
CAS-2026-1218,Bail Application,Bombay High Court,IPC 120B (Criminal Conspiracy),29,0.94,0,3085032,57.7,Injunction Issued
CAS-2026-1219,Bail Application,Bombay High Court,IPC 307 (Attempt to Murder),7,0.8,0,3177195,90.5,Settlement Agreed
CAS-2026-1220,Bail Application,Supreme Court of India,IPC 307 (Attempt to Murder),3,0.38,0,2426344,50.1,Bail Denied
CAS-2026-1221,Criminal Breach of Trust,Karnataka High Court,IPC 498A (Cruelty),20,0.32,0,6203807,47.5,Bail Denied
CAS-2026-1222,Contract Violation,Supreme Court of India,IPC 120B (Criminal Conspiracy),20,0.72,1,1176837,45.3,Bail Denied
CAS-2026-1223,Bail Application,Delhi High Court,IPC 498A (Cruelty),30,0.42,0,7546633,61.4,Settlement Agreed
CAS-2026-1224,Cheque Bounce u/s 138,Supreme Court of India,IPC 420 (Cheating),35,0.6,0,5817467,78.0,Bail Granted
CAS-2026-1225,Divorce & Maintenance,Supreme Court of India,NI Act 138 (Cheque Bounce),35,0.11,0,1729040,81.5,Bail Denied
CAS-2026-1226,Bail Application,Madras High Court,NI Act 138 (Cheque Bounce),39,0.16,0,3763289,67.7,Bail Granted
CAS-2026-1227,Criminal Breach of Trust,District & Sessions Court,NI Act 138 (Cheque Bounce),27,0.58,0,3016596,79.2,Settlement Agreed
CAS-2026-1228,Cyber Fraud,Bombay High Court,IPC 120B (Criminal Conspiracy),26,0.6,3,8066473,63.0,Settlement Agreed
CAS-2026-1229,Contract Violation,Karnataka High Court,NI Act 138 (Cheque Bounce),14,0.77,1,6285941,78.4,Injunction Issued
CAS-2026-1230,Criminal Breach of Trust,Supreme Court of India,IPC 420 (Cheating),17,0.22,0,4227436,47.0,Bail Denied
CAS-2026-1231,Bail Application,Karnataka High Court,IPC 498A (Cruelty),18,0.56,0,4966940,64.5,Injunction Issued
CAS-2026-1232,Contract Violation,District & Sessions Court,IPC 120B (Criminal Conspiracy),45,0.27,1,3562511,84.5,Bail Denied
CAS-2026-1233,Divorce & Maintenance,District & Sessions Court,IPC 498A (Cruelty),29,0.18,0,484083,85.2,Settlement Agreed
CAS-2026-1234,Bail Application,Supreme Court of India,IPC 120B (Criminal Conspiracy),20,0.47,0,9020206,80.8,Settlement Agreed
CAS-2026-1235,Criminal Breach of Trust,Delhi High Court,IPC 498A (Cruelty),27,0.25,1,5707968,55.2,Case Dismissed
CAS-2026-1236,Property Dispute,Supreme Court of India,IPC 307 (Attempt to Murder),18,0.3,1,6869552,57.4,Case Dismissed
CAS-2026-1237,Cheque Bounce u/s 138,Madras High Court,IPC 498A (Cruelty),4,0.38,3,9154860,94.8,Settlement Agreed
CAS-2026-1238,Cyber Fraud,Bombay High Court,NI Act 138 (Cheque Bounce),1,0.33,2,3150798,50.2,Settlement Agreed
CAS-2026-1239,Criminal Breach of Trust,Delhi High Court,IPC 307 (Attempt to Murder),1,0.18,1,2636047,54.0,Bail Granted
CAS-2026-1240,Contract Violation,Supreme Court of India,IPC 498A (Cruelty),26,0.18,0,6564143,51.5,Bail Granted
CAS-2026-1241,Bail Application,Karnataka High Court,IPC 120B (Criminal Conspiracy),45,0.27,0,3354992,61.4,Injunction Issued
CAS-2026-1242,Cheque Bounce u/s 138,Delhi High Court,IPC 120B (Criminal Conspiracy),20,0.14,0,4897663,55.5,Case Dismissed
CAS-2026-1243,Bail Application,Delhi High Court,IPC 120B (Criminal Conspiracy),23,0.66,0,9184970,69.9,Case Dismissed
CAS-2026-1244,Contract Violation,Supreme Court of India,IPC 379 (Theft),10,0.36,0,6369191,68.8,Settlement Agreed
CAS-2026-1245,Bail Application,Delhi High Court,IPC 420 (Cheating),11,0.35,0,3635443,90.1,Settlement Agreed
CAS-2026-1246,Property Dispute,Karnataka High Court,IPC 120B (Criminal Conspiracy),41,0.4,0,2032303,46.7,Injunction Issued
CAS-2026-1247,Cheque Bounce u/s 138,District & Sessions Court,IPC 307 (Attempt to Murder),41,0.69,0,2851821,61.0,Case Dismissed
CAS-2026-1248,Cheque Bounce u/s 138,Delhi High Court,IPC 120B (Criminal Conspiracy),5,0.87,0,7414895,74.8,Bail Granted
CAS-2026-1249,Contract Violation,District & Sessions Court,IPC 379 (Theft),1,0.78,0,6625940,75.2,Bail Denied
CAS-2026-1250,Cyber Fraud,Karnataka High Court,NI Act 138 (Cheque Bounce),17,0.75,0,526941,69.0,Injunction Issued
CAS-2026-1251,Property Dispute,Supreme Court of India,IPC 307 (Attempt to Murder),22,0.53,1,4950224,85.8,Bail Denied
CAS-2026-1252,Criminal Breach of Trust,Bombay High Court,IPC 379 (Theft),34,0.72,0,486354,48.1,Bail Granted
CAS-2026-1253,Bail Application,Delhi High Court,NI Act 138 (Cheque Bounce),45,0.59,0,5606336,85.8,Bail Granted
CAS-2026-1254,Divorce & Maintenance,Bombay High Court,IT Act 66D,41,0.29,1,1035709,69.7,Bail Denied
CAS-2026-1255,Bail Application,Karnataka High Court,IT Act 66D,29,0.29,0,2585178,51.7,Injunction Issued
CAS-2026-1256,Bail Application,Delhi High Court,IPC 307 (Attempt to Murder),4,0.36,0,6479022,89.3,Bail Denied
CAS-2026-1257,Criminal Breach of Trust,District & Sessions Court,IPC 498A (Cruelty),5,0.91,0,5577630,77.5,Injunction Issued
CAS-2026-1258,Bail Application,Madras High Court,IPC 420 (Cheating),11,0.59,0,6388893,53.2,Injunction Issued
CAS-2026-1259,Property Dispute,Bombay High Court,IPC 420 (Cheating),21,0.75,2,2185469,46.7,Settlement Agreed
CAS-2026-1260,Property Dispute,Delhi High Court,IPC 379 (Theft),35,0.41,0,1446365,52.1,Case Dismissed
CAS-2026-1261,Cheque Bounce u/s 138,Bombay High Court,NI Act 138 (Cheque Bounce),12,0.46,0,1236078,75.4,Case Dismissed
CAS-2026-1262,Contract Violation,Delhi High Court,IPC 420 (Cheating),26,0.21,0,8975206,54.0,Bail Granted
CAS-2026-1263,Cyber Fraud,Supreme Court of India,NI Act 138 (Cheque Bounce),19,0.25,0,6162825,56.3,Settlement Agreed
CAS-2026-1264,Divorce & Maintenance,District & Sessions Court,NI Act 138 (Cheque Bounce),45,0.84,0,633037,46.3,Case Dismissed
CAS-2026-1265,Bail Application,Bombay High Court,IPC 379 (Theft),7,0.62,0,9073541,81.1,Injunction Issued
CAS-2026-1266,Bail Application,Madras High Court,IPC 379 (Theft),47,0.4,0,8702541,85.5,Injunction Issued
CAS-2026-1267,Criminal Breach of Trust,Madras High Court,IPC 379 (Theft),7,0.81,0,9490328,84.8,Bail Denied
CAS-2026-1268,Contract Violation,Karnataka High Court,IPC 420 (Cheating),26,0.32,0,527709,51.4,Bail Denied
CAS-2026-1269,Property Dispute,Delhi High Court,IT Act 66D,40,0.97,0,8744147,90.2,Injunction Issued
CAS-2026-1270,Divorce & Maintenance,Bombay High Court,IPC 379 (Theft),5,0.41,0,7452245,78.6,Injunction Issued
CAS-2026-1271,Cheque Bounce u/s 138,Karnataka High Court,IPC 420 (Cheating),21,0.4,1,1850866,89.9,Bail Denied
CAS-2026-1272,Property Dispute,Bombay High Court,IPC 379 (Theft),14,0.38,0,3877173,67.4,Case Dismissed
CAS-2026-1273,Contract Violation,Delhi High Court,IPC 120B (Criminal Conspiracy),4,0.21,0,6333107,66.8,Bail Granted
CAS-2026-1274,Cyber Fraud,Madras High Court,NI Act 138 (Cheque Bounce),23,0.2,0,5375463,84.2,Bail Denied
CAS-2026-1275,Cheque Bounce u/s 138,Supreme Court of India,IPC 379 (Theft),42,0.68,0,4947384,49.7,Case Dismissed
CAS-2026-1276,Cyber Fraud,Madras High Court,IPC 307 (Attempt to Murder),20,0.88,1,6471400,71.0,Case Dismissed
CAS-2026-1277,Criminal Breach of Trust,Karnataka High Court,NI Act 138 (Cheque Bounce),15,0.8,0,5334748,86.8,Case Dismissed
CAS-2026-1278,Criminal Breach of Trust,District & Sessions Court,NI Act 138 (Cheque Bounce),45,0.23,1,8500728,86.5,Settlement Agreed
CAS-2026-1279,Bail Application,Supreme Court of India,IPC 379 (Theft),29,0.59,0,724135,92.8,Settlement Agreed
CAS-2026-1280,Cyber Fraud,Karnataka High Court,IT Act 66D,8,0.19,1,4917167,79.9,Case Dismissed
CAS-2026-1281,Contract Violation,Delhi High Court,IPC 498A (Cruelty),41,0.14,0,7831445,55.4,Injunction Issued
CAS-2026-1282,Divorce & Maintenance,Supreme Court of India,IT Act 66D,19,0.68,1,6930707,46.0,Settlement Agreed
CAS-2026-1283,Cheque Bounce u/s 138,Karnataka High Court,IPC 379 (Theft),39,0.58,0,6206428,69.0,Bail Denied
CAS-2026-1284,Property Dispute,Delhi High Court,NI Act 138 (Cheque Bounce),46,0.17,0,4845920,70.7,Settlement Agreed
CAS-2026-1285,Contract Violation,Madras High Court,IPC 307 (Attempt to Murder),28,0.13,0,7262517,57.0,Injunction Issued
CAS-2026-1286,Contract Violation,District & Sessions Court,NI Act 138 (Cheque Bounce),46,0.98,0,5888773,51.2,Bail Granted
CAS-2026-1287,Criminal Breach of Trust,Delhi High Court,IT Act 66D,27,0.13,3,7617475,74.3,Settlement Agreed
CAS-2026-1288,Cyber Fraud,Bombay High Court,IPC 307 (Attempt to Murder),4,0.5,0,7023985,83.2,Case Dismissed
CAS-2026-1289,Bail Application,Delhi High Court,IPC 420 (Cheating),15,0.55,0,9322638,94.7,Case Dismissed
CAS-2026-1290,Bail Application,Delhi High Court,IPC 120B (Criminal Conspiracy),35,0.2,0,6201570,82.9,Case Dismissed
CAS-2026-1291,Cheque Bounce u/s 138,District & Sessions Court,NI Act 138 (Cheque Bounce),37,0.25,0,8132304,84.7,Bail Granted
CAS-2026-1292,Criminal Breach of Trust,Bombay High Court,IPC 379 (Theft),1,0.41,0,2366598,75.8,Injunction Issued
CAS-2026-1293,Contract Violation,Karnataka High Court,IPC 420 (Cheating),3,0.78,0,1876238,94.3,Bail Denied
CAS-2026-1294,Divorce & Maintenance,Karnataka High Court,IPC 120B (Criminal Conspiracy),47,0.55,0,8551392,77.0,Injunction Issued
CAS-2026-1295,Criminal Breach of Trust,Delhi High Court,IPC 379 (Theft),24,0.67,2,5227736,88.0,Bail Granted
CAS-2026-1296,Cheque Bounce u/s 138,Bombay High Court,IPC 498A (Cruelty),27,0.98,0,5997162,92.3,Case Dismissed
CAS-2026-1297,Cheque Bounce u/s 138,Bombay High Court,IPC 379 (Theft),40,0.78,0,6608676,91.5,Injunction Issued
CAS-2026-1298,Criminal Breach of Trust,District & Sessions Court,IPC 307 (Attempt to Murder),36,0.49,1,5010662,64.1,Bail Denied
CAS-2026-1299,Cheque Bounce u/s 138,Madras High Court,IPC 307 (Attempt to Murder),34,0.5,0,2095127,48.9,Case Dismissed
CAS-2026-1300,Criminal Breach of Trust,Karnataka High Court,IPC 498A (Cruelty),29,0.65,0,7876604,53.6,Bail Denied
CAS-2026-1301,Property Dispute,District & Sessions Court,IPC 420 (Cheating),24,0.69,0,9997442,48.0,Settlement Agreed
CAS-2026-1302,Criminal Breach of Trust,Supreme Court of India,IPC 120B (Criminal Conspiracy),24,0.55,0,1135108,50.3,Bail Denied
CAS-2026-1303,Cyber Fraud,Karnataka High Court,IPC 379 (Theft),42,0.67,0,578365,54.2,Case Dismissed
CAS-2026-1304,Criminal Breach of Trust,District & Sessions Court,IPC 307 (Attempt to Murder),4,0.12,1,5256371,62.1,Settlement Agreed
CAS-2026-1305,Cheque Bounce u/s 138,Karnataka High Court,IPC 420 (Cheating),3,0.48,0,2174242,72.2,Case Dismissed
CAS-2026-1306,Cyber Fraud,Madras High Court,IPC 498A (Cruelty),34,0.35,0,5332761,80.6,Case Dismissed
CAS-2026-1307,Cheque Bounce u/s 138,Supreme Court of India,IT Act 66D,23,0.21,1,5222969,55.5,Settlement Agreed
CAS-2026-1308,Bail Application,Madras High Court,NI Act 138 (Cheque Bounce),23,0.19,2,594209,78.6,Bail Denied
CAS-2026-1309,Bail Application,Supreme Court of India,IT Act 66D,45,0.64,0,9102006,80.2,Bail Granted
CAS-2026-1310,Cyber Fraud,Delhi High Court,IT Act 66D,5,0.57,0,1634230,72.9,Bail Granted
CAS-2026-1311,Property Dispute,District & Sessions Court,IPC 307 (Attempt to Murder),31,0.33,0,6656410,90.2,Bail Granted
CAS-2026-1312,Bail Application,Supreme Court of India,IPC 498A (Cruelty),41,0.52,2,5551151,50.5,Bail Granted
CAS-2026-1313,Criminal Breach of Trust,Madras High Court,IPC 379 (Theft),6,0.54,1,951980,53.9,Injunction Issued
CAS-2026-1314,Cheque Bounce u/s 138,Karnataka High Court,IT Act 66D,37,0.27,0,1866299,66.4,Bail Granted
CAS-2026-1315,Bail Application,Supreme Court of India,IT Act 66D,10,0.68,0,4120018,51.3,Settlement Agreed
CAS-2026-1316,Bail Application,District & Sessions Court,IPC 120B (Criminal Conspiracy),40,0.8,0,6791891,73.3,Bail Granted
CAS-2026-1317,Property Dispute,Supreme Court of India,IPC 307 (Attempt to Murder),7,0.8,1,6986608,64.9,Case Dismissed
CAS-2026-1318,Cyber Fraud,Bombay High Court,IPC 307 (Attempt to Murder),39,0.64,0,7558403,59.2,Bail Granted
CAS-2026-1319,Cyber Fraud,Karnataka High Court,IPC 379 (Theft),38,0.56,0,1762656,53.5,Bail Denied
CAS-2026-1320,Contract Violation,District & Sessions Court,NI Act 138 (Cheque Bounce),21,0.15,3,4994097,61.8,Settlement Agreed
CAS-2026-1321,Property Dispute,District & Sessions Court,IPC 420 (Cheating),20,0.36,0,5409068,75.4,Settlement Agreed
CAS-2026-1322,Criminal Breach of Trust,Delhi High Court,IPC 120B (Criminal Conspiracy),3,0.18,0,9723207,73.8,Injunction Issued
CAS-2026-1323,Cyber Fraud,Madras High Court,IPC 307 (Attempt to Murder),22,0.96,0,5056780,53.2,Case Dismissed
CAS-2026-1324,Cheque Bounce u/s 138,Delhi High Court,IPC 120B (Criminal Conspiracy),47,0.22,0,9049454,51.2,Settlement Agreed
CAS-2026-1325,Property Dispute,District & Sessions Court,IPC 307 (Attempt to Murder),4,0.24,0,4423242,46.3,Bail Denied
CAS-2026-1326,Bail Application,Karnataka High Court,IPC 120B (Criminal Conspiracy),28,0.89,0,9683915,45.6,Bail Granted
CAS-2026-1327,Cheque Bounce u/s 138,Supreme Court of India,IPC 498A (Cruelty),12,0.94,0,2971712,89.0,Settlement Agreed
CAS-2026-1328,Cheque Bounce u/s 138,Supreme Court of India,IT Act 66D,38,0.78,1,7003538,47.3,Bail Denied
CAS-2026-1329,Bail Application,Karnataka High Court,IPC 307 (Attempt to Murder),36,0.1,0,955656,81.6,Bail Granted
CAS-2026-1330,Property Dispute,District & Sessions Court,IPC 120B (Criminal Conspiracy),47,0.1,0,6917123,88.6,Injunction Issued
CAS-2026-1331,Bail Application,Supreme Court of India,IPC 420 (Cheating),41,0.44,0,3666568,49.9,Settlement Agreed
CAS-2026-1332,Contract Violation,Supreme Court of India,IPC 498A (Cruelty),5,0.23,1,4779020,66.8,Settlement Agreed
CAS-2026-1333,Cheque Bounce u/s 138,Supreme Court of India,IPC 498A (Cruelty),13,0.12,1,1892363,93.1,Bail Denied
CAS-2026-1334,Divorce & Maintenance,Madras High Court,IPC 420 (Cheating),23,0.51,0,738922,86.7,Case Dismissed
CAS-2026-1335,Divorce & Maintenance,Madras High Court,IPC 120B (Criminal Conspiracy),30,0.94,0,877867,69.5,Injunction Issued
CAS-2026-1336,Criminal Breach of Trust,Bombay High Court,IPC 379 (Theft),37,0.39,0,3166461,83.1,Case Dismissed
CAS-2026-1337,Cyber Fraud,Delhi High Court,IPC 420 (Cheating),25,0.69,0,5856911,86.7,Settlement Agreed
CAS-2026-1338,Bail Application,Karnataka High Court,IPC 120B (Criminal Conspiracy),27,0.68,0,1802424,62.4,Case Dismissed
CAS-2026-1339,Bail Application,Karnataka High Court,IPC 420 (Cheating),14,0.32,1,4275252,89.6,Bail Granted
CAS-2026-1340,Criminal Breach of Trust,Karnataka High Court,IPC 420 (Cheating),47,0.68,1,1285560,68.5,Injunction Issued
CAS-2026-1341,Criminal Breach of Trust,Bombay High Court,IPC 307 (Attempt to Murder),36,0.29,0,8116906,71.4,Case Dismissed
CAS-2026-1342,Criminal Breach of Trust,Madras High Court,IPC 120B (Criminal Conspiracy),39,0.21,1,6609887,95.0,Bail Granted
CAS-2026-1343,Cheque Bounce u/s 138,District & Sessions Court,IPC 379 (Theft),16,0.72,2,9434909,87.2,Bail Denied
CAS-2026-1344,Contract Violation,District & Sessions Court,IT Act 66D,22,0.2,0,967838,63.1,Case Dismissed
CAS-2026-1345,Bail Application,Bombay High Court,IPC 307 (Attempt to Murder),21,0.99,0,1157880,45.5,Injunction Issued
CAS-2026-1346,Cheque Bounce u/s 138,District & Sessions Court,IPC 420 (Cheating),21,0.26,2,3187714,76.3,Bail Granted
CAS-2026-1347,Criminal Breach of Trust,Karnataka High Court,IT Act 66D,8,0.63,0,3578192,80.2,Case Dismissed
CAS-2026-1348,Bail Application,Delhi High Court,NI Act 138 (Cheque Bounce),16,0.47,2,8956832,77.5,Bail Denied
CAS-2026-1349,Cheque Bounce u/s 138,Supreme Court of India,IT Act 66D,31,0.21,3,9795674,93.4,Case Dismissed
CAS-2026-1350,Contract Violation,Madras High Court,IPC 420 (Cheating),42,0.12,0,5700068,88.1,Bail Granted
CAS-2026-1351,Cheque Bounce u/s 138,Madras High Court,IPC 420 (Cheating),10,0.65,1,8251656,67.4,Case Dismissed
CAS-2026-1352,Contract Violation,Bombay High Court,IPC 120B (Criminal Conspiracy),32,0.82,1,885890,48.1,Injunction Issued
CAS-2026-1353,Criminal Breach of Trust,Madras High Court,IPC 120B (Criminal Conspiracy),34,0.85,0,9410837,68.8,Settlement Agreed
CAS-2026-1354,Contract Violation,Karnataka High Court,IPC 307 (Attempt to Murder),9,0.53,0,4906799,79.5,Bail Granted
CAS-2026-1355,Bail Application,District & Sessions Court,IPC 379 (Theft),17,0.79,0,8153024,75.4,Bail Granted
CAS-2026-1356,Criminal Breach of Trust,Karnataka High Court,IPC 307 (Attempt to Murder),11,0.7,0,8686625,71.9,Bail Granted
CAS-2026-1357,Bail Application,Bombay High Court,IPC 498A (Cruelty),32,0.74,0,3843757,68.4,Bail Granted
CAS-2026-1358,Divorce & Maintenance,Karnataka High Court,IPC 420 (Cheating),10,0.54,0,5359245,59.7,Case Dismissed
CAS-2026-1359,Property Dispute,District & Sessions Court,IT Act 66D,22,0.66,0,5146528,58.9,Injunction Issued
CAS-2026-1360,Contract Violation,Delhi High Court,NI Act 138 (Cheque Bounce),17,0.82,0,7111673,70.0,Bail Denied
CAS-2026-1361,Property Dispute,Bombay High Court,IPC 420 (Cheating),4,0.45,1,2968921,53.0,Injunction Issued
CAS-2026-1362,Property Dispute,Delhi High Court,IPC 420 (Cheating),47,0.82,3,8277039,62.0,Bail Granted
CAS-2026-1363,Contract Violation,Supreme Court of India,IPC 307 (Attempt to Murder),25,0.63,3,3103225,61.2,Case Dismissed
CAS-2026-1364,Criminal Breach of Trust,Delhi High Court,NI Act 138 (Cheque Bounce),21,0.25,0,5737291,74.4,Case Dismissed
CAS-2026-1365,Divorce & Maintenance,Supreme Court of India,NI Act 138 (Cheque Bounce),37,0.12,1,5134253,48.3,Bail Granted
CAS-2026-1366,Bail Application,Supreme Court of India,NI Act 138 (Cheque Bounce),38,0.42,1,4328316,86.5,Case Dismissed
CAS-2026-1367,Cheque Bounce u/s 138,Delhi High Court,IPC 307 (Attempt to Murder),1,0.59,0,9155383,73.1,Bail Granted
CAS-2026-1368,Bail Application,Bombay High Court,IPC 420 (Cheating),25,0.85,0,3678478,78.5,Injunction Issued
CAS-2026-1369,Cheque Bounce u/s 138,District & Sessions Court,IPC 307 (Attempt to Murder),36,0.21,0,8172590,80.2,Settlement Agreed
CAS-2026-1370,Bail Application,Karnataka High Court,IPC 120B (Criminal Conspiracy),17,0.81,2,6026983,59.6,Case Dismissed
CAS-2026-1371,Contract Violation,Karnataka High Court,IPC 120B (Criminal Conspiracy),41,0.87,0,6423617,68.5,Bail Granted
CAS-2026-1372,Divorce & Maintenance,District & Sessions Court,IPC 307 (Attempt to Murder),24,0.23,0,554529,92.8,Bail Granted
CAS-2026-1373,Cheque Bounce u/s 138,Supreme Court of India,NI Act 138 (Cheque Bounce),2,0.86,0,9600374,83.3,Case Dismissed
CAS-2026-1374,Cyber Fraud,Supreme Court of India,IPC 420 (Cheating),40,0.98,0,7686288,93.5,Bail Denied
CAS-2026-1375,Criminal Breach of Trust,Bombay High Court,IPC 307 (Attempt to Murder),15,0.75,0,7361511,82.3,Bail Granted
CAS-2026-1376,Bail Application,Madras High Court,IPC 307 (Attempt to Murder),32,0.8,0,9027811,53.8,Case Dismissed
CAS-2026-1377,Bail Application,Delhi High Court,IPC 307 (Attempt to Murder),39,0.99,0,1411629,48.2,Bail Granted
CAS-2026-1378,Cheque Bounce u/s 138,Supreme Court of India,IPC 498A (Cruelty),6,0.64,1,1000542,73.9,Bail Denied
CAS-2026-1379,Criminal Breach of Trust,Karnataka High Court,IPC 120B (Criminal Conspiracy),1,0.37,0,4054780,62.9,Settlement Agreed
CAS-2026-1380,Criminal Breach of Trust,Bombay High Court,IT Act 66D,47,0.85,0,3045759,58.8,Bail Denied
CAS-2026-1381,Contract Violation,Delhi High Court,NI Act 138 (Cheque Bounce),23,0.65,0,8783376,85.4,Injunction Issued
CAS-2026-1382,Cyber Fraud,Bombay High Court,IPC 379 (Theft),39,0.62,0,3452921,63.3,Case Dismissed
CAS-2026-1383,Contract Violation,Delhi High Court,IT Act 66D,17,0.33,0,161264,60.9,Bail Denied
CAS-2026-1384,Contract Violation,Delhi High Court,NI Act 138 (Cheque Bounce),34,0.77,0,5194502,87.5,Settlement Agreed
CAS-2026-1385,Contract Violation,District & Sessions Court,IPC 379 (Theft),41,0.17,1,2559507,87.3,Bail Granted
CAS-2026-1386,Contract Violation,Supreme Court of India,IPC 498A (Cruelty),29,0.92,1,3552097,62.8,Case Dismissed
CAS-2026-1387,Contract Violation,Bombay High Court,IPC 307 (Attempt to Murder),9,0.39,1,7392306,86.6,Bail Denied
CAS-2026-1388,Divorce & Maintenance,Bombay High Court,IPC 498A (Cruelty),13,0.21,0,1318284,87.5,Settlement Agreed
CAS-2026-1389,Criminal Breach of Trust,District & Sessions Court,IPC 498A (Cruelty),6,0.49,0,7188727,66.2,Bail Denied
CAS-2026-1390,Contract Violation,Karnataka High Court,IT Act 66D,6,0.14,2,3180202,48.3,Injunction Issued
CAS-2026-1391,Criminal Breach of Trust,Karnataka High Court,IPC 420 (Cheating),20,0.71,0,6102874,45.1,Case Dismissed
CAS-2026-1392,Criminal Breach of Trust,Supreme Court of India,IT Act 66D,3,0.9,0,7618933,71.2,Bail Granted
CAS-2026-1393,Property Dispute,Supreme Court of India,IPC 120B (Criminal Conspiracy),17,0.85,0,5483182,62.2,Settlement Agreed
CAS-2026-1394,Divorce & Maintenance,Madras High Court,IPC 379 (Theft),12,0.21,0,4788827,94.9,Bail Denied
CAS-2026-1395,Contract Violation,District & Sessions Court,IPC 307 (Attempt to Murder),47,0.21,0,6617320,83.6,Case Dismissed
CAS-2026-1396,Bail Application,Karnataka High Court,IT Act 66D,45,0.82,3,5892819,83.1,Bail Denied
CAS-2026-1397,Cheque Bounce u/s 138,Delhi High Court,IPC 379 (Theft),1,0.92,0,9110815,92.8,Case Dismissed
CAS-2026-1398,Cyber Fraud,Bombay High Court,NI Act 138 (Cheque Bounce),17,0.51,0,7742139,89.4,Injunction Issued
CAS-2026-1399,Bail Application,Supreme Court of India,IPC 379 (Theft),3,0.54,3,9130672,60.9,Bail Denied
CAS-2026-1400,Divorce & Maintenance,Bombay High Court,NI Act 138 (Cheque Bounce),26,0.38,2,965630,53.3,Injunction Issued
CAS-2026-1401,Cheque Bounce u/s 138,Bombay High Court,IT Act 66D,15,0.9,0,5487691,82.3,Settlement Agreed
CAS-2026-1402,Divorce & Maintenance,Madras High Court,IPC 120B (Criminal Conspiracy),36,0.67,0,4425001,63.9,Injunction Issued
CAS-2026-1403,Criminal Breach of Trust,Karnataka High Court,IT Act 66D,32,0.36,1,3072881,68.7,Case Dismissed
CAS-2026-1404,Cheque Bounce u/s 138,Supreme Court of India,NI Act 138 (Cheque Bounce),32,0.37,1,8201294,76.5,Settlement Agreed
CAS-2026-1405,Criminal Breach of Trust,Bombay High Court,IPC 379 (Theft),4,0.89,0,9798597,90.4,Bail Denied
CAS-2026-1406,Bail Application,Supreme Court of India,IPC 379 (Theft),18,0.11,1,8657286,66.0,Bail Denied
CAS-2026-1407,Bail Application,Delhi High Court,NI Act 138 (Cheque Bounce),19,0.39,0,5911303,84.2,Case Dismissed
CAS-2026-1408,Cheque Bounce u/s 138,Madras High Court,IPC 498A (Cruelty),43,0.59,0,5379947,58.4,Bail Granted
CAS-2026-1409,Cheque Bounce u/s 138,Delhi High Court,IPC 120B (Criminal Conspiracy),35,0.23,0,9464532,79.9,Bail Granted
CAS-2026-1410,Contract Violation,Supreme Court of India,IPC 420 (Cheating),40,0.18,0,9292397,45.1,Bail Denied
CAS-2026-1411,Divorce & Maintenance,Supreme Court of India,IPC 307 (Attempt to Murder),14,0.83,1,8659531,88.6,Case Dismissed
CAS-2026-1412,Contract Violation,Karnataka High Court,IPC 379 (Theft),33,0.9,0,400406,46.5,Bail Granted
CAS-2026-1413,Divorce & Maintenance,Bombay High Court,IPC 307 (Attempt to Murder),14,0.83,0,617961,80.6,Injunction Issued
CAS-2026-1414,Contract Violation,Bombay High Court,IPC 420 (Cheating),34,0.9,0,1135598,47.3,Bail Denied
CAS-2026-1415,Criminal Breach of Trust,Delhi High Court,IT Act 66D,4,0.59,0,2611902,58.3,Injunction Issued
CAS-2026-1416,Cheque Bounce u/s 138,Madras High Court,IPC 307 (Attempt to Murder),24,0.82,0,7269158,69.9,Case Dismissed
CAS-2026-1417,Bail Application,District & Sessions Court,IPC 420 (Cheating),29,0.44,0,3740377,66.0,Injunction Issued
CAS-2026-1418,Divorce & Maintenance,Bombay High Court,NI Act 138 (Cheque Bounce),19,0.69,0,263944,54.6,Bail Granted
CAS-2026-1419,Divorce & Maintenance,Karnataka High Court,IPC 498A (Cruelty),6,0.98,1,3122345,61.7,Bail Granted
CAS-2026-1420,Bail Application,Delhi High Court,IPC 379 (Theft),33,0.3,0,3069852,81.4,Settlement Agreed
CAS-2026-1421,Contract Violation,Delhi High Court,IPC 420 (Cheating),40,0.45,0,8050630,78.5,Bail Denied
CAS-2026-1422,Divorce & Maintenance,District & Sessions Court,IPC 307 (Attempt to Murder),19,0.53,1,5824827,48.6,Case Dismissed
CAS-2026-1423,Cyber Fraud,Karnataka High Court,IPC 379 (Theft),1,0.22,0,6900541,82.4,Bail Denied
CAS-2026-1424,Criminal Breach of Trust,Madras High Court,IPC 498A (Cruelty),5,0.17,0,4856004,47.7,Injunction Issued
CAS-2026-1425,Cheque Bounce u/s 138,Karnataka High Court,NI Act 138 (Cheque Bounce),27,0.84,2,1458454,72.1,Case Dismissed
CAS-2026-1426,Bail Application,Madras High Court,IT Act 66D,16,0.97,0,7789969,58.0,Case Dismissed
CAS-2026-1427,Cheque Bounce u/s 138,Karnataka High Court,IPC 379 (Theft),6,0.46,0,3971018,74.4,Bail Granted
CAS-2026-1428,Cyber Fraud,Karnataka High Court,IT Act 66D,40,0.18,0,9559412,58.1,Injunction Issued
CAS-2026-1429,Divorce & Maintenance,Supreme Court of India,IPC 420 (Cheating),13,0.16,0,6512083,94.2,Bail Granted
CAS-2026-1430,Divorce & Maintenance,Delhi High Court,IPC 498A (Cruelty),35,0.89,2,7975639,60.5,Bail Granted
CAS-2026-1431,Cyber Fraud,Karnataka High Court,IPC 307 (Attempt to Murder),19,0.51,0,5110281,57.1,Settlement Agreed
CAS-2026-1432,Bail Application,District & Sessions Court,IPC 498A (Cruelty),12,0.38,1,7798812,58.9,Bail Granted
CAS-2026-1433,Criminal Breach of Trust,Karnataka High Court,IPC 498A (Cruelty),16,0.52,1,6907643,89.8,Bail Denied
CAS-2026-1434,Property Dispute,Bombay High Court,IPC 120B (Criminal Conspiracy),43,0.38,0,5310558,76.8,Case Dismissed
CAS-2026-1435,Bail Application,Delhi High Court,IPC 498A (Cruelty),10,0.54,0,6059996,81.5,Bail Granted
CAS-2026-1436,Property Dispute,Bombay High Court,IPC 498A (Cruelty),25,0.87,0,2489911,90.9,Bail Denied
CAS-2026-1437,Cyber Fraud,Delhi High Court,IPC 379 (Theft),20,0.63,0,8240210,90.6,Injunction Issued
CAS-2026-1438,Contract Violation,Bombay High Court,IPC 307 (Attempt to Murder),31,0.72,0,1826681,81.9,Case Dismissed
CAS-2026-1439,Property Dispute,Karnataka High Court,IPC 379 (Theft),4,0.42,2,6654845,54.9,Injunction Issued
CAS-2026-1440,Criminal Breach of Trust,Karnataka High Court,IPC 379 (Theft),44,0.76,3,217408,87.2,Bail Denied
CAS-2026-1441,Contract Violation,Supreme Court of India,IPC 420 (Cheating),23,0.69,0,736431,55.2,Injunction Issued
CAS-2026-1442,Property Dispute,District & Sessions Court,IPC 379 (Theft),2,0.21,0,3535504,82.1,Injunction Issued
CAS-2026-1443,Cyber Fraud,Bombay High Court,IPC 120B (Criminal Conspiracy),22,0.61,1,9287896,79.3,Injunction Issued
CAS-2026-1444,Contract Violation,Madras High Court,IPC 120B (Criminal Conspiracy),37,0.33,0,1336541,82.9,Bail Granted
CAS-2026-1445,Cyber Fraud,Supreme Court of India,IT Act 66D,8,0.82,1,2136721,71.6,Bail Granted
CAS-2026-1446,Property Dispute,Bombay High Court,IPC 420 (Cheating),7,0.48,0,6187494,76.9,Bail Granted
CAS-2026-1447,Cyber Fraud,Bombay High Court,IT Act 66D,14,0.99,0,6263185,92.7,Case Dismissed
CAS-2026-1448,Criminal Breach of Trust,Supreme Court of India,IT Act 66D,3,0.18,1,8806406,50.1,Bail Denied
CAS-2026-1449,Property Dispute,Karnataka High Court,NI Act 138 (Cheque Bounce),16,0.79,0,9739830,60.4,Bail Granted
CAS-2026-1450,Property Dispute,Bombay High Court,IPC 307 (Attempt to Murder),19,0.7,2,8979391,75.6,Injunction Issued
CAS-2026-1451,Property Dispute,Karnataka High Court,IPC 307 (Attempt to Murder),18,0.78,2,5136117,93.2,Injunction Issued
CAS-2026-1452,Bail Application,Supreme Court of India,IPC 379 (Theft),16,0.37,0,1207177,49.8,Injunction Issued
CAS-2026-1453,Bail Application,Karnataka High Court,IPC 379 (Theft),8,0.54,0,9275404,46.1,Injunction Issued
CAS-2026-1454,Bail Application,Delhi High Court,NI Act 138 (Cheque Bounce),33,0.81,3,5508520,47.8,Settlement Agreed
CAS-2026-1455,Criminal Breach of Trust,Madras High Court,IPC 379 (Theft),12,0.31,2,4759014,47.6,Case Dismissed
CAS-2026-1456,Contract Violation,Bombay High Court,IPC 307 (Attempt to Murder),11,0.3,0,8170024,90.4,Bail Denied
CAS-2026-1457,Cyber Fraud,District & Sessions Court,IT Act 66D,5,0.59,1,5612460,81.1,Bail Denied
CAS-2026-1458,Divorce & Maintenance,Madras High Court,IPC 498A (Cruelty),27,0.57,0,3594585,78.9,Bail Granted
CAS-2026-1459,Property Dispute,Karnataka High Court,IPC 120B (Criminal Conspiracy),12,0.35,0,2092834,71.1,Settlement Agreed
CAS-2026-1460,Cyber Fraud,Bombay High Court,IPC 498A (Cruelty),17,0.37,1,5406175,84.1,Bail Denied
CAS-2026-1461,Property Dispute,Karnataka High Court,IPC 498A (Cruelty),6,0.35,0,5748734,52.8,Case Dismissed
CAS-2026-1462,Criminal Breach of Trust,Delhi High Court,IPC 307 (Attempt to Murder),33,0.79,2,5294914,64.6,Injunction Issued
CAS-2026-1463,Property Dispute,Supreme Court of India,IPC 498A (Cruelty),5,0.68,0,4816302,69.5,Bail Granted
CAS-2026-1464,Bail Application,Bombay High Court,NI Act 138 (Cheque Bounce),28,0.84,0,2573055,50.5,Case Dismissed
CAS-2026-1465,Divorce & Maintenance,Delhi High Court,IPC 420 (Cheating),14,0.97,0,1427877,66.0,Bail Denied
CAS-2026-1466,Cheque Bounce u/s 138,Delhi High Court,IPC 379 (Theft),5,0.52,0,7616669,60.8,Settlement Agreed
CAS-2026-1467,Property Dispute,Bombay High Court,IPC 420 (Cheating),33,0.16,0,7116812,46.8,Bail Granted
CAS-2026-1468,Cyber Fraud,Karnataka High Court,IT Act 66D,41,0.14,0,2787328,51.8,Bail Denied
CAS-2026-1469,Bail Application,District & Sessions Court,IPC 120B (Criminal Conspiracy),19,0.36,0,6578623,83.2,Bail Granted
CAS-2026-1470,Cheque Bounce u/s 138,Delhi High Court,IPC 379 (Theft),22,0.93,0,1999955,45.9,Bail Denied
CAS-2026-1471,Divorce & Maintenance,Madras High Court,IPC 498A (Cruelty),5,0.57,0,4298811,91.7,Injunction Issued
CAS-2026-1472,Cheque Bounce u/s 138,Delhi High Court,IPC 120B (Criminal Conspiracy),2,0.34,1,6232446,49.3,Settlement Agreed
CAS-2026-1473,Bail Application,District & Sessions Court,IPC 379 (Theft),30,0.46,0,772225,85.0,Injunction Issued
CAS-2026-1474,Contract Violation,Karnataka High Court,NI Act 138 (Cheque Bounce),47,0.63,0,3610463,89.9,Bail Denied
CAS-2026-1475,Contract Violation,Karnataka High Court,NI Act 138 (Cheque Bounce),39,0.68,0,9928942,92.1,Case Dismissed
CAS-2026-1476,Cheque Bounce u/s 138,Madras High Court,NI Act 138 (Cheque Bounce),4,0.24,0,3170610,88.4,Injunction Issued
CAS-2026-1477,Criminal Breach of Trust,Delhi High Court,NI Act 138 (Cheque Bounce),33,0.97,0,8886301,59.4,Case Dismissed
CAS-2026-1478,Cyber Fraud,Karnataka High Court,IPC 498A (Cruelty),13,0.58,0,3832238,61.7,Bail Denied
CAS-2026-1479,Cyber Fraud,District & Sessions Court,IPC 420 (Cheating),20,0.22,0,2072613,66.3,Settlement Agreed
CAS-2026-1480,Cheque Bounce u/s 138,Bombay High Court,IPC 379 (Theft),7,0.9,1,8406931,52.0,Case Dismissed
CAS-2026-1481,Property Dispute,Supreme Court of India,IPC 498A (Cruelty),15,0.17,1,3435705,46.1,Bail Denied
CAS-2026-1482,Property Dispute,Supreme Court of India,NI Act 138 (Cheque Bounce),23,0.91,0,5512049,88.5,Case Dismissed
CAS-2026-1483,Cyber Fraud,Supreme Court of India,IT Act 66D,14,0.99,0,1444091,72.7,Injunction Issued
CAS-2026-1484,Cyber Fraud,Delhi High Court,IPC 420 (Cheating),23,0.72,0,504470,75.4,Bail Denied
CAS-2026-1485,Contract Violation,Madras High Court,IT Act 66D,19,0.79,0,4429394,91.3,Injunction Issued
CAS-2026-1486,Criminal Breach of Trust,Karnataka High Court,IPC 120B (Criminal Conspiracy),29,0.4,0,891624,78.3,Bail Granted
CAS-2026-1487,Bail Application,Bombay High Court,IT Act 66D,20,0.94,0,7179903,79.5,Bail Denied
CAS-2026-1488,Property Dispute,District & Sessions Court,IPC 120B (Criminal Conspiracy),29,0.57,0,5188890,84.3,Case Dismissed
CAS-2026-1489,Cyber Fraud,Bombay High Court,IPC 120B (Criminal Conspiracy),24,0.75,0,1701207,50.8,Bail Granted
CAS-2026-1490,Contract Violation,District & Sessions Court,NI Act 138 (Cheque Bounce),18,0.92,0,5348709,63.0,Injunction Issued
CAS-2026-1491,Divorce & Maintenance,Delhi High Court,IPC 120B (Criminal Conspiracy),10,0.97,0,3095035,93.4,Injunction Issued
CAS-2026-1492,Contract Violation,Supreme Court of India,IPC 307 (Attempt to Murder),41,0.84,0,6303690,91.1,Case Dismissed
CAS-2026-1493,Property Dispute,Delhi High Court,IPC 379 (Theft),8,0.37,0,584427,89.2,Bail Granted
CAS-2026-1494,Property Dispute,Madras High Court,IPC 379 (Theft),26,0.96,0,4058905,67.6,Settlement Agreed
CAS-2026-1495,Contract Violation,Madras High Court,NI Act 138 (Cheque Bounce),29,0.66,0,4183372,87.9,Case Dismissed
CAS-2026-1496,Bail Application,District & Sessions Court,IPC 307 (Attempt to Murder),10,0.93,0,1209229,47.4,Injunction Issued
CAS-2026-1497,Cheque Bounce u/s 138,Karnataka High Court,IT Act 66D,17,0.7,0,3993623,52.4,Bail Denied
CAS-2026-1498,Property Dispute,Karnataka High Court,IPC 498A (Cruelty),2,0.37,0,6291081,65.7,Bail Granted
CAS-2026-1499,Contract Violation,District & Sessions Court,IT Act 66D,6,0.43,0,2189884,69.2,Settlement Agreed
CAS-2026-1500,Cyber Fraud,Madras High Court,IPC 498A (Cruelty),5,0.59,0,4304099,58.2,Bail Denied
CAS-2026-1501,Contract Violation,Madras High Court,IPC 120B (Criminal Conspiracy),28,0.8,0,8409740,62.8,Bail Granted
CAS-2026-1502,Criminal Breach of Trust,Madras High Court,IPC 420 (Cheating),41,0.38,0,7373820,53.1,Case Dismissed
CAS-2026-1503,Cheque Bounce u/s 138,Delhi High Court,IPC 498A (Cruelty),5,0.62,0,4921699,69.5,Case Dismissed
CAS-2026-1504,Divorce & Maintenance,Madras High Court,IPC 420 (Cheating),18,0.41,0,6705129,84.7,Bail Granted
CAS-2026-1505,Bail Application,Bombay High Court,IPC 379 (Theft),26,0.83,1,6272056,78.1,Settlement Agreed
CAS-2026-1506,Divorce & Maintenance,Supreme Court of India,IPC 420 (Cheating),20,0.52,0,1596030,50.4,Bail Granted
CAS-2026-1507,Cheque Bounce u/s 138,Madras High Court,IPC 379 (Theft),41,0.17,0,111009,69.4,Bail Denied
CAS-2026-1508,Cheque Bounce u/s 138,District & Sessions Court,IPC 307 (Attempt to Murder),27,0.25,1,4472472,79.9,Bail Denied
CAS-2026-1509,Cheque Bounce u/s 138,Supreme Court of India,IPC 307 (Attempt to Murder),12,0.15,1,1823480,71.5,Case Dismissed
CAS-2026-1510,Divorce & Maintenance,Delhi High Court,NI Act 138 (Cheque Bounce),7,0.54,0,8413264,64.6,Bail Granted
CAS-2026-1511,Cyber Fraud,District & Sessions Court,NI Act 138 (Cheque Bounce),3,0.19,0,3799397,76.1,Case Dismissed
CAS-2026-1512,Cheque Bounce u/s 138,Supreme Court of India,IPC 120B (Criminal Conspiracy),10,0.2,0,2091367,93.4,Settlement Agreed
CAS-2026-1513,Contract Violation,District & Sessions Court,IPC 498A (Cruelty),34,0.94,0,5669634,49.7,Bail Denied
CAS-2026-1514,Divorce & Maintenance,Delhi High Court,IPC 120B (Criminal Conspiracy),25,0.88,0,8818936,64.5,Injunction Issued
CAS-2026-1515,Cheque Bounce u/s 138,Bombay High Court,IPC 379 (Theft),35,0.5,0,4509013,65.3,Injunction Issued
CAS-2026-1516,Contract Violation,Delhi High Court,IPC 120B (Criminal Conspiracy),16,0.98,0,2808668,73.8,Bail Granted
CAS-2026-1517,Cyber Fraud,Delhi High Court,IPC 420 (Cheating),2,0.1,2,5153679,52.6,Bail Granted
CAS-2026-1518,Criminal Breach of Trust,District & Sessions Court,IPC 379 (Theft),24,0.65,2,1100294,53.8,Injunction Issued
CAS-2026-1519,Cyber Fraud,Karnataka High Court,NI Act 138 (Cheque Bounce),10,0.65,0,5758307,59.3,Bail Granted
CAS-2026-1520,Cheque Bounce u/s 138,Madras High Court,IPC 307 (Attempt to Murder),38,0.51,0,9435592,92.8,Bail Denied
CAS-2026-1521,Divorce & Maintenance,Madras High Court,NI Act 138 (Cheque Bounce),22,0.45,0,8274244,81.7,Settlement Agreed
CAS-2026-1522,Property Dispute,Bombay High Court,IPC 498A (Cruelty),26,0.51,1,2385362,78.1,Settlement Agreed
CAS-2026-1523,Cheque Bounce u/s 138,Bombay High Court,IPC 379 (Theft),43,0.47,0,2942894,85.8,Case Dismissed
CAS-2026-1524,Property Dispute,Madras High Court,IPC 379 (Theft),39,0.75,0,8665873,51.4,Bail Denied
CAS-2026-1525,Contract Violation,Karnataka High Court,IPC 420 (Cheating),27,0.22,0,7960791,88.0,Bail Granted
CAS-2026-1526,Criminal Breach of Trust,Madras High Court,IPC 498A (Cruelty),29,0.28,0,3136773,74.7,Bail Granted
CAS-2026-1527,Bail Application,Karnataka High Court,IPC 307 (Attempt to Murder),47,0.26,0,4484432,61.8,Case Dismissed
CAS-2026-1528,Cyber Fraud,Bombay High Court,IT Act 66D,38,0.33,1,1790792,85.8,Case Dismissed
CAS-2026-1529,Criminal Breach of Trust,Supreme Court of India,IPC 379 (Theft),20,0.57,0,1731570,85.1,Bail Granted
CAS-2026-1530,Cheque Bounce u/s 138,District & Sessions Court,IPC 379 (Theft),27,0.2,0,4873598,87.3,Bail Granted
CAS-2026-1531,Property Dispute,Bombay High Court,IPC 420 (Cheating),41,0.87,0,1760102,50.8,Bail Denied
CAS-2026-1532,Cyber Fraud,Bombay High Court,IPC 120B (Criminal Conspiracy),20,0.36,0,1611710,93.5,Case Dismissed
CAS-2026-1533,Property Dispute,Delhi High Court,IPC 307 (Attempt to Murder),44,0.24,1,7376281,93.0,Bail Denied
CAS-2026-1534,Divorce & Maintenance,Delhi High Court,NI Act 138 (Cheque Bounce),19,0.7,2,9320838,62.9,Bail Granted
CAS-2026-1535,Property Dispute,Delhi High Court,IPC 498A (Cruelty),20,0.13,3,916609,48.3,Injunction Issued
CAS-2026-1536,Divorce & Maintenance,District & Sessions Court,IPC 379 (Theft),35,0.65,1,4684470,53.4,Injunction Issued
CAS-2026-1537,Contract Violation,Delhi High Court,IPC 379 (Theft),47,0.72,0,6907087,94.6,Bail Granted
CAS-2026-1538,Cyber Fraud,Karnataka High Court,NI Act 138 (Cheque Bounce),2,0.29,0,4162316,73.2,Case Dismissed
CAS-2026-1539,Cyber Fraud,Madras High Court,IPC 307 (Attempt to Murder),30,0.14,0,5687239,62.8,Injunction Issued
CAS-2026-1540,Bail Application,Supreme Court of India,IPC 120B (Criminal Conspiracy),34,0.42,2,1755464,59.4,Case Dismissed
CAS-2026-1541,Cheque Bounce u/s 138,Bombay High Court,IPC 379 (Theft),22,0.19,0,9895427,57.8,Injunction Issued
CAS-2026-1542,Divorce & Maintenance,Karnataka High Court,IPC 307 (Attempt to Murder),3,0.2,0,8477114,78.2,Case Dismissed
CAS-2026-1543,Bail Application,Supreme Court of India,NI Act 138 (Cheque Bounce),6,0.33,1,8456164,66.0,Injunction Issued
CAS-2026-1544,Property Dispute,Karnataka High Court,IPC 420 (Cheating),15,0.36,0,978835,93.3,Case Dismissed
CAS-2026-1545,Property Dispute,Karnataka High Court,IPC 120B (Criminal Conspiracy),27,0.57,0,9112186,79.2,Bail Denied
CAS-2026-1546,Bail Application,Bombay High Court,IPC 498A (Cruelty),10,0.7,0,7656142,84.6,Case Dismissed
CAS-2026-1547,Cyber Fraud,Madras High Court,IPC 379 (Theft),9,0.63,0,3377560,59.6,Bail Denied
CAS-2026-1548,Property Dispute,Delhi High Court,IPC 307 (Attempt to Murder),33,0.23,0,3269870,49.0,Bail Denied
CAS-2026-1549,Contract Violation,District & Sessions Court,IPC 420 (Cheating),32,0.25,1,5188268,69.4,Bail Granted
CAS-2026-1550,Contract Violation,Madras High Court,IPC 498A (Cruelty),6,0.88,0,7379995,60.7,Bail Denied
CAS-2026-1551,Bail Application,District & Sessions Court,IT Act 66D,41,0.6,3,6522892,55.1,Settlement Agreed
CAS-2026-1552,Divorce & Maintenance,Bombay High Court,IPC 307 (Attempt to Murder),36,0.87,0,2479093,92.6,Bail Denied
CAS-2026-1553,Divorce & Maintenance,Bombay High Court,IPC 307 (Attempt to Murder),2,0.43,0,5580283,67.2,Case Dismissed
CAS-2026-1554,Bail Application,Bombay High Court,IPC 498A (Cruelty),29,0.65,1,2860451,53.7,Bail Denied
CAS-2026-1555,Divorce & Maintenance,Supreme Court of India,IPC 420 (Cheating),4,0.57,0,9185997,54.9,Case Dismissed
CAS-2026-1556,Cyber Fraud,District & Sessions Court,IT Act 66D,1,0.38,0,6469553,59.0,Case Dismissed
CAS-2026-1557,Cyber Fraud,Madras High Court,NI Act 138 (Cheque Bounce),19,0.52,1,6532975,95.0,Settlement Agreed
CAS-2026-1558,Divorce & Maintenance,Madras High Court,IPC 420 (Cheating),26,0.55,0,4341244,58.4,Bail Denied
CAS-2026-1559,Contract Violation,Karnataka High Court,IPC 120B (Criminal Conspiracy),25,0.28,0,4004840,61.4,Bail Denied
CAS-2026-1560,Divorce & Maintenance,Karnataka High Court,IPC 379 (Theft),10,0.38,0,3920730,78.0,Injunction Issued
CAS-2026-1561,Cyber Fraud,Karnataka High Court,IPC 498A (Cruelty),15,0.8,0,2948411,59.7,Injunction Issued
CAS-2026-1562,Criminal Breach of Trust,Bombay High Court,NI Act 138 (Cheque Bounce),22,0.92,0,3444443,55.8,Bail Granted
CAS-2026-1563,Cheque Bounce u/s 138,Madras High Court,IT Act 66D,21,0.42,0,9545112,52.9,Case Dismissed
CAS-2026-1564,Property Dispute,District & Sessions Court,IPC 498A (Cruelty),22,0.37,1,2544149,60.6,Settlement Agreed
CAS-2026-1565,Criminal Breach of Trust,Bombay High Court,IPC 498A (Cruelty),36,0.27,2,7030358,50.3,Injunction Issued
CAS-2026-1566,Divorce & Maintenance,Supreme Court of India,IPC 420 (Cheating),34,0.7,0,2314669,45.9,Bail Denied
CAS-2026-1567,Contract Violation,Karnataka High Court,IPC 379 (Theft),30,0.39,0,7596121,85.2,Bail Granted
CAS-2026-1568,Bail Application,Bombay High Court,IPC 120B (Criminal Conspiracy),25,0.98,0,2054702,51.9,Settlement Agreed
CAS-2026-1569,Divorce & Maintenance,Bombay High Court,IPC 307 (Attempt to Murder),45,0.39,0,9588077,83.8,Bail Denied
CAS-2026-1570,Contract Violation,Supreme Court of India,IPC 307 (Attempt to Murder),28,0.45,0,9675779,84.9,Bail Denied
CAS-2026-1571,Cheque Bounce u/s 138,Delhi High Court,IPC 498A (Cruelty),1,0.64,1,3033361,71.9,Case Dismissed
CAS-2026-1572,Divorce & Maintenance,Madras High Court,IPC 379 (Theft),45,0.81,1,521655,60.5,Case Dismissed
CAS-2026-1573,Cyber Fraud,District & Sessions Court,IT Act 66D,4,0.52,0,5423940,52.3,Injunction Issued
CAS-2026-1574,Bail Application,Delhi High Court,IT Act 66D,7,0.48,0,899717,81.8,Injunction Issued
CAS-2026-1575,Contract Violation,Karnataka High Court,NI Act 138 (Cheque Bounce),9,0.99,0,5747069,75.1,Bail Denied
CAS-2026-1576,Contract Violation,Bombay High Court,IPC 420 (Cheating),36,0.11,0,2582266,77.8,Bail Denied
CAS-2026-1577,Contract Violation,Supreme Court of India,IPC 379 (Theft),19,0.9,0,1021806,45.4,Injunction Issued
CAS-2026-1578,Cheque Bounce u/s 138,Supreme Court of India,IPC 379 (Theft),1,0.23,3,5065440,91.4,Injunction Issued
CAS-2026-1579,Divorce & Maintenance,Madras High Court,IPC 420 (Cheating),10,0.8,0,9279651,48.3,Bail Denied
CAS-2026-1580,Cheque Bounce u/s 138,Delhi High Court,IT Act 66D,36,0.65,1,7973692,63.3,Settlement Agreed
CAS-2026-1581,Property Dispute,Madras High Court,IT Act 66D,9,0.4,0,1293728,65.1,Bail Denied
CAS-2026-1582,Property Dispute,Bombay High Court,IT Act 66D,45,0.88,0,5161354,45.1,Settlement Agreed
CAS-2026-1583,Divorce & Maintenance,Madras High Court,IPC 498A (Cruelty),46,0.11,0,7011957,69.9,Settlement Agreed
CAS-2026-1584,Cyber Fraud,District & Sessions Court,IPC 379 (Theft),42,0.3,0,1604329,82.6,Bail Denied
CAS-2026-1585,Cheque Bounce u/s 138,Supreme Court of India,IPC 307 (Attempt to Murder),32,0.6,0,1877850,86.2,Bail Granted
CAS-2026-1586,Bail Application,Supreme Court of India,IPC 420 (Cheating),32,0.41,0,6786269,89.0,Injunction Issued
CAS-2026-1587,Contract Violation,Karnataka High Court,IT Act 66D,6,0.64,1,635888,69.4,Case Dismissed
CAS-2026-1588,Contract Violation,Karnataka High Court,NI Act 138 (Cheque Bounce),38,0.12,0,7257303,76.5,Bail Denied
CAS-2026-1589,Divorce & Maintenance,Bombay High Court,IT Act 66D,17,0.2,0,4018446,49.0,Settlement Agreed
CAS-2026-1590,Cyber Fraud,District & Sessions Court,IT Act 66D,10,0.21,1,7071631,69.4,Bail Denied
CAS-2026-1591,Property Dispute,Delhi High Court,IPC 120B (Criminal Conspiracy),27,0.27,1,2302888,52.7,Injunction Issued
CAS-2026-1592,Property Dispute,Madras High Court,IPC 498A (Cruelty),35,0.51,1,6803562,63.5,Settlement Agreed
CAS-2026-1593,Contract Violation,Bombay High Court,IPC 420 (Cheating),21,0.77,0,2652192,61.5,Case Dismissed
CAS-2026-1594,Divorce & Maintenance,Karnataka High Court,IPC 120B (Criminal Conspiracy),25,0.91,2,8624405,66.2,Case Dismissed
CAS-2026-1595,Cheque Bounce u/s 138,Madras High Court,IPC 120B (Criminal Conspiracy),28,0.84,0,1824620,73.6,Case Dismissed
CAS-2026-1596,Property Dispute,Karnataka High Court,NI Act 138 (Cheque Bounce),47,0.28,0,5269719,90.1,Bail Granted
CAS-2026-1597,Cheque Bounce u/s 138,Madras High Court,IPC 379 (Theft),15,0.49,0,4930165,64.7,Settlement Agreed
CAS-2026-1598,Cyber Fraud,Delhi High Court,NI Act 138 (Cheque Bounce),4,0.28,0,6666692,94.1,Settlement Agreed
CAS-2026-1599,Property Dispute,Bombay High Court,IPC 379 (Theft),29,0.34,0,458062,83.0,Bail Granted
CAS-2026-1600,Property Dispute,Madras High Court,IPC 379 (Theft),9,0.55,0,7348730,70.6,Settlement Agreed
CAS-2026-1601,Criminal Breach of Trust,District & Sessions Court,IPC 420 (Cheating),27,0.16,0,2177645,77.2,Bail Granted
CAS-2026-1602,Property Dispute,Supreme Court of India,IT Act 66D,26,0.29,0,1501471,50.1,Bail Denied
CAS-2026-1603,Bail Application,District & Sessions Court,IPC 420 (Cheating),19,0.93,0,4879897,87.2,Injunction Issued
CAS-2026-1604,Divorce & Maintenance,District & Sessions Court,IPC 498A (Cruelty),28,0.51,1,1816548,74.1,Case Dismissed
CAS-2026-1605,Divorce & Maintenance,Supreme Court of India,IPC 379 (Theft),17,0.5,2,5052505,94.3,Bail Granted
CAS-2026-1606,Cheque Bounce u/s 138,District & Sessions Court,IPC 120B (Criminal Conspiracy),43,0.11,0,9506751,76.8,Bail Granted
CAS-2026-1607,Cyber Fraud,Madras High Court,IT Act 66D,41,0.32,1,4200321,86.7,Bail Granted
CAS-2026-1608,Property Dispute,Madras High Court,IPC 307 (Attempt to Murder),42,0.87,0,2197711,85.0,Bail Denied
CAS-2026-1609,Bail Application,Madras High Court,IPC 498A (Cruelty),20,0.25,0,6195561,62.3,Bail Granted
CAS-2026-1610,Cheque Bounce u/s 138,Supreme Court of India,IPC 420 (Cheating),45,0.47,0,137361,58.0,Injunction Issued
CAS-2026-1611,Criminal Breach of Trust,District & Sessions Court,NI Act 138 (Cheque Bounce),40,0.11,0,2998845,66.5,Injunction Issued
CAS-2026-1612,Cheque Bounce u/s 138,Supreme Court of India,IPC 498A (Cruelty),39,0.53,2,8246836,68.4,Case Dismissed
CAS-2026-1613,Cheque Bounce u/s 138,Madras High Court,IPC 498A (Cruelty),23,0.12,0,3563227,57.0,Bail Denied
CAS-2026-1614,Property Dispute,District & Sessions Court,IT Act 66D,47,0.83,0,8193068,89.7,Injunction Issued
CAS-2026-1615,Criminal Breach of Trust,District & Sessions Court,IPC 498A (Cruelty),32,0.83,0,2557856,72.1,Settlement Agreed
CAS-2026-1616,Cheque Bounce u/s 138,Karnataka High Court,IPC 498A (Cruelty),47,0.8,0,1861856,93.9,Settlement Agreed
CAS-2026-1617,Bail Application,Karnataka High Court,IPC 307 (Attempt to Murder),33,0.35,1,2441102,85.5,Settlement Agreed
CAS-2026-1618,Bail Application,Delhi High Court,NI Act 138 (Cheque Bounce),46,0.85,1,100037,72.8,Bail Granted
CAS-2026-1619,Divorce & Maintenance,Bombay High Court,NI Act 138 (Cheque Bounce),5,0.58,0,9110139,92.4,Bail Granted
CAS-2026-1620,Criminal Breach of Trust,Karnataka High Court,NI Act 138 (Cheque Bounce),43,0.43,1,6351936,70.2,Settlement Agreed
CAS-2026-1621,Criminal Breach of Trust,Supreme Court of India,IPC 379 (Theft),34,0.66,0,753668,89.4,Case Dismissed
CAS-2026-1622,Divorce & Maintenance,Karnataka High Court,IPC 120B (Criminal Conspiracy),40,0.11,3,3504158,62.9,Case Dismissed
CAS-2026-1623,Cheque Bounce u/s 138,Delhi High Court,NI Act 138 (Cheque Bounce),11,0.23,0,2756040,63.9,Bail Granted
CAS-2026-1624,Criminal Breach of Trust,District & Sessions Court,IPC 498A (Cruelty),3,0.76,0,803645,65.9,Settlement Agreed
CAS-2026-1625,Bail Application,Delhi High Court,IPC 498A (Cruelty),33,0.32,0,5011672,72.3,Case Dismissed
CAS-2026-1626,Bail Application,District & Sessions Court,NI Act 138 (Cheque Bounce),11,0.63,0,8315984,72.7,Bail Granted
CAS-2026-1627,Property Dispute,District & Sessions Court,IT Act 66D,16,0.44,0,8231631,69.8,Settlement Agreed
CAS-2026-1628,Criminal Breach of Trust,Bombay High Court,NI Act 138 (Cheque Bounce),18,0.86,0,9794535,60.3,Bail Denied
CAS-2026-1629,Cheque Bounce u/s 138,Karnataka High Court,IPC 498A (Cruelty),30,0.95,0,2721872,91.4,Settlement Agreed
CAS-2026-1630,Divorce & Maintenance,Supreme Court of India,IPC 379 (Theft),10,0.89,1,693975,74.4,Settlement Agreed
CAS-2026-1631,Divorce & Maintenance,Supreme Court of India,IPC 420 (Cheating),18,0.34,0,5152683,65.4,Injunction Issued
CAS-2026-1632,Cheque Bounce u/s 138,Madras High Court,IPC 420 (Cheating),38,0.27,0,4083063,77.6,Injunction Issued
CAS-2026-1633,Cyber Fraud,District & Sessions Court,NI Act 138 (Cheque Bounce),19,0.52,0,2382373,83.4,Bail Denied
CAS-2026-1634,Contract Violation,Supreme Court of India,IPC 307 (Attempt to Murder),36,0.11,1,2940152,93.0,Bail Denied
CAS-2026-1635,Property Dispute,Bombay High Court,NI Act 138 (Cheque Bounce),13,0.12,0,7627872,70.0,Settlement Agreed
CAS-2026-1636,Divorce & Maintenance,District & Sessions Court,IT Act 66D,46,0.59,2,2650552,50.6,Case Dismissed
CAS-2026-1637,Criminal Breach of Trust,Bombay High Court,NI Act 138 (Cheque Bounce),3,0.56,1,9340832,67.0,Bail Denied
CAS-2026-1638,Property Dispute,Supreme Court of India,IPC 420 (Cheating),10,0.99,0,2492735,68.9,Settlement Agreed
CAS-2026-1639,Criminal Breach of Trust,Supreme Court of India,IPC 498A (Cruelty),38,0.28,0,7604361,89.8,Bail Granted
CAS-2026-1640,Cyber Fraud,Madras High Court,NI Act 138 (Cheque Bounce),1,0.33,0,7414153,64.7,Injunction Issued
CAS-2026-1641,Bail Application,Supreme Court of India,IPC 498A (Cruelty),27,0.2,0,5518626,92.7,Case Dismissed
CAS-2026-1642,Property Dispute,District & Sessions Court,IPC 498A (Cruelty),46,0.92,1,9850576,69.3,Settlement Agreed
CAS-2026-1643,Divorce & Maintenance,District & Sessions Court,IPC 307 (Attempt to Murder),8,0.79,2,3722546,93.7,Bail Granted
CAS-2026-1644,Property Dispute,District & Sessions Court,IPC 498A (Cruelty),46,0.83,0,6096522,45.4,Injunction Issued
CAS-2026-1645,Property Dispute,Madras High Court,IPC 420 (Cheating),42,0.9,0,3706940,89.9,Bail Granted
CAS-2026-1646,Property Dispute,Madras High Court,IPC 379 (Theft),17,0.57,1,6035537,91.6,Settlement Agreed
CAS-2026-1647,Contract Violation,Supreme Court of India,IPC 379 (Theft),9,0.5,0,3700200,93.1,Bail Denied
CAS-2026-1648,Property Dispute,Delhi High Court,IPC 120B (Criminal Conspiracy),6,0.39,0,659031,45.7,Injunction Issued
CAS-2026-1649,Criminal Breach of Trust,Delhi High Court,IT Act 66D,43,0.62,0,6591280,53.6,Bail Granted
CAS-2026-1650,Bail Application,Madras High Court,NI Act 138 (Cheque Bounce),25,0.5,0,2801243,77.7,Bail Denied
CAS-2026-1651,Cyber Fraud,Supreme Court of India,IT Act 66D,39,0.5,1,5544003,46.3,Case Dismissed
CAS-2026-1652,Cheque Bounce u/s 138,Delhi High Court,IPC 420 (Cheating),28,0.93,0,4535728,48.2,Settlement Agreed
CAS-2026-1653,Property Dispute,Supreme Court of India,IPC 498A (Cruelty),33,0.98,0,8694992,56.1,Settlement Agreed
CAS-2026-1654,Divorce & Maintenance,Supreme Court of India,IPC 379 (Theft),37,0.81,2,6642155,70.6,Injunction Issued
CAS-2026-1655,Property Dispute,Supreme Court of India,IT Act 66D,9,0.77,0,7265371,72.3,Bail Granted
CAS-2026-1656,Divorce & Maintenance,Karnataka High Court,IPC 420 (Cheating),18,0.71,1,4235554,46.7,Case Dismissed
CAS-2026-1657,Criminal Breach of Trust,District & Sessions Court,IPC 379 (Theft),21,0.25,0,3088088,53.5,Injunction Issued
CAS-2026-1658,Divorce & Maintenance,Supreme Court of India,IPC 498A (Cruelty),2,0.15,0,1079907,70.0,Injunction Issued
CAS-2026-1659,Cheque Bounce u/s 138,Karnataka High Court,IT Act 66D,43,0.71,2,313968,74.7,Bail Granted
CAS-2026-1660,Bail Application,Madras High Court,IPC 379 (Theft),38,0.75,0,8783565,52.4,Case Dismissed
CAS-2026-1661,Divorce & Maintenance,Delhi High Court,NI Act 138 (Cheque Bounce),40,0.14,0,2001737,64.9,Bail Granted
CAS-2026-1662,Divorce & Maintenance,District & Sessions Court,NI Act 138 (Cheque Bounce),36,0.93,0,5085248,90.2,Settlement Agreed
CAS-2026-1663,Bail Application,Delhi High Court,IPC 120B (Criminal Conspiracy),43,0.18,0,9953066,94.9,Bail Denied
CAS-2026-1664,Cheque Bounce u/s 138,District & Sessions Court,IPC 120B (Criminal Conspiracy),37,0.35,0,6509363,94.4,Settlement Agreed
CAS-2026-1665,Property Dispute,Delhi High Court,IPC 379 (Theft),15,0.7,1,2402743,89.1,Settlement Agreed
CAS-2026-1666,Divorce & Maintenance,District & Sessions Court,IPC 420 (Cheating),28,0.25,2,4688156,64.7,Injunction Issued
CAS-2026-1667,Bail Application,Delhi High Court,NI Act 138 (Cheque Bounce),18,0.15,2,1085461,79.3,Settlement Agreed
CAS-2026-1668,Criminal Breach of Trust,Delhi High Court,IPC 420 (Cheating),34,0.39,0,5931759,65.8,Case Dismissed
CAS-2026-1669,Bail Application,Delhi High Court,IPC 420 (Cheating),22,0.78,0,5810912,77.4,Settlement Agreed
CAS-2026-1670,Criminal Breach of Trust,Delhi High Court,IPC 379 (Theft),11,0.47,0,1906423,60.5,Case Dismissed
CAS-2026-1671,Cheque Bounce u/s 138,Madras High Court,IPC 420 (Cheating),13,0.68,1,2050408,75.3,Bail Granted
CAS-2026-1672,Property Dispute,Supreme Court of India,NI Act 138 (Cheque Bounce),4,0.62,0,9116523,71.2,Injunction Issued
CAS-2026-1673,Bail Application,Bombay High Court,IPC 498A (Cruelty),22,0.12,0,3694128,46.2,Case Dismissed
CAS-2026-1674,Cyber Fraud,Karnataka High Court,IPC 120B (Criminal Conspiracy),7,0.98,1,9665565,84.5,Settlement Agreed
CAS-2026-1675,Cyber Fraud,Bombay High Court,IPC 498A (Cruelty),43,0.14,0,8206584,45.6,Injunction Issued
CAS-2026-1676,Contract Violation,Bombay High Court,IPC 420 (Cheating),24,0.96,0,1506427,59.7,Injunction Issued
CAS-2026-1677,Divorce & Maintenance,District & Sessions Court,IPC 498A (Cruelty),4,0.59,2,3589550,45.3,Case Dismissed
CAS-2026-1678,Cheque Bounce u/s 138,Supreme Court of India,NI Act 138 (Cheque Bounce),28,0.96,2,6989053,63.8,Case Dismissed
CAS-2026-1679,Bail Application,District & Sessions Court,NI Act 138 (Cheque Bounce),15,0.2,0,3995090,48.2,Bail Denied
CAS-2026-1680,Cyber Fraud,Supreme Court of India,IPC 420 (Cheating),1,0.54,0,2865013,90.7,Bail Denied
CAS-2026-1681,Divorce & Maintenance,Supreme Court of India,IPC 379 (Theft),3,0.25,3,6262492,65.8,Injunction Issued
CAS-2026-1682,Cyber Fraud,Delhi High Court,IPC 498A (Cruelty),14,0.15,0,8524990,68.0,Bail Denied
CAS-2026-1683,Bail Application,Madras High Court,IPC 379 (Theft),38,0.65,0,7138170,62.5,Settlement Agreed
CAS-2026-1684,Criminal Breach of Trust,Delhi High Court,IPC 379 (Theft),1,0.28,0,962219,76.4,Bail Granted
CAS-2026-1685,Bail Application,Madras High Court,IPC 307 (Attempt to Murder),38,0.62,0,8434750,84.2,Injunction Issued
CAS-2026-1686,Contract Violation,District & Sessions Court,IPC 420 (Cheating),38,0.2,0,1818303,77.4,Bail Granted
CAS-2026-1687,Bail Application,Madras High Court,IPC 120B (Criminal Conspiracy),21,0.4,0,9763464,82.4,Bail Denied
CAS-2026-1688,Bail Application,District & Sessions Court,NI Act 138 (Cheque Bounce),29,0.8,0,3901082,90.3,Case Dismissed
CAS-2026-1689,Contract Violation,Bombay High Court,NI Act 138 (Cheque Bounce),5,0.49,0,3446668,88.2,Injunction Issued
CAS-2026-1690,Cheque Bounce u/s 138,Bombay High Court,IPC 420 (Cheating),10,0.66,3,6796674,78.7,Bail Denied
CAS-2026-1691,Bail Application,Madras High Court,IT Act 66D,28,0.68,1,3305677,55.7,Settlement Agreed
CAS-2026-1692,Contract Violation,Madras High Court,IT Act 66D,21,0.85,1,2606068,76.9,Injunction Issued
CAS-2026-1693,Divorce & Maintenance,District & Sessions Court,IT Act 66D,7,0.39,0,583075,70.3,Injunction Issued
CAS-2026-1694,Criminal Breach of Trust,Delhi High Court,IPC 120B (Criminal Conspiracy),3,0.71,0,8226198,80.9,Case Dismissed
CAS-2026-1695,Criminal Breach of Trust,District & Sessions Court,NI Act 138 (Cheque Bounce),45,0.96,0,8815978,86.6,Injunction Issued
CAS-2026-1696,Bail Application,Delhi High Court,IPC 420 (Cheating),47,0.75,2,5551731,82.1,Case Dismissed
CAS-2026-1697,Cheque Bounce u/s 138,Bombay High Court,NI Act 138 (Cheque Bounce),20,0.54,0,7599043,87.3,Bail Denied
CAS-2026-1698,Cheque Bounce u/s 138,Supreme Court of India,IPC 379 (Theft),19,0.66,0,6846037,48.2,Settlement Agreed
CAS-2026-1699,Divorce & Maintenance,Madras High Court,IPC 498A (Cruelty),35,0.76,1,9321750,46.6,Settlement Agreed
CAS-2026-1700,Bail Application,Delhi High Court,IPC 498A (Cruelty),4,0.64,0,4573214,57.9,Injunction Issued
CAS-2026-1701,Criminal Breach of Trust,District & Sessions Court,NI Act 138 (Cheque Bounce),5,0.11,0,3782796,90.0,Injunction Issued
CAS-2026-1702,Cheque Bounce u/s 138,Bombay High Court,IPC 307 (Attempt to Murder),1,0.27,3,9331261,86.2,Bail Denied
CAS-2026-1703,Bail Application,Delhi High Court,IPC 120B (Criminal Conspiracy),4,0.82,1,7951746,79.1,Case Dismissed
CAS-2026-1704,Cyber Fraud,District & Sessions Court,IT Act 66D,12,0.34,0,7941640,80.0,Settlement Agreed
CAS-2026-1705,Cheque Bounce u/s 138,Madras High Court,IPC 120B (Criminal Conspiracy),27,0.75,3,8840245,81.3,Case Dismissed
CAS-2026-1706,Contract Violation,Madras High Court,IPC 120B (Criminal Conspiracy),42,0.43,0,8666554,92.1,Bail Denied
CAS-2026-1707,Cyber Fraud,Karnataka High Court,IPC 379 (Theft),23,0.56,1,5237956,86.6,Settlement Agreed
CAS-2026-1708,Cheque Bounce u/s 138,Supreme Court of India,IPC 120B (Criminal Conspiracy),25,0.16,0,5374413,76.2,Settlement Agreed
CAS-2026-1709,Criminal Breach of Trust,Karnataka High Court,IPC 498A (Cruelty),21,0.26,0,7824578,78.3,Bail Granted
CAS-2026-1710,Property Dispute,Bombay High Court,IPC 379 (Theft),24,0.95,0,964899,55.7,Bail Denied
CAS-2026-1711,Cyber Fraud,Delhi High Court,IPC 420 (Cheating),25,0.89,1,8752111,77.9,Bail Denied
CAS-2026-1712,Divorce & Maintenance,Bombay High Court,IPC 120B (Criminal Conspiracy),45,0.68,0,6510575,66.2,Bail Granted
CAS-2026-1713,Divorce & Maintenance,District & Sessions Court,IPC 120B (Criminal Conspiracy),46,0.51,0,2418292,52.6,Case Dismissed
CAS-2026-1714,Criminal Breach of Trust,Madras High Court,IPC 420 (Cheating),32,0.7,0,2126393,85.3,Bail Granted
CAS-2026-1715,Cheque Bounce u/s 138,Karnataka High Court,IPC 120B (Criminal Conspiracy),32,0.65,1,7722520,70.5,Bail Denied
CAS-2026-1716,Bail Application,Karnataka High Court,IPC 420 (Cheating),5,0.61,0,2479897,93.9,Case Dismissed
CAS-2026-1717,Cheque Bounce u/s 138,Karnataka High Court,IPC 379 (Theft),36,0.15,0,1394416,59.1,Settlement Agreed
CAS-2026-1718,Criminal Breach of Trust,Bombay High Court,IPC 498A (Cruelty),46,0.66,0,2085196,69.0,Bail Granted
CAS-2026-1719,Divorce & Maintenance,Madras High Court,IPC 420 (Cheating),42,0.78,0,8152377,67.4,Case Dismissed
CAS-2026-1720,Cheque Bounce u/s 138,Delhi High Court,IPC 307 (Attempt to Murder),42,0.98,0,7803189,51.0,Case Dismissed
CAS-2026-1721,Divorce & Maintenance,District & Sessions Court,IPC 420 (Cheating),39,0.11,0,1660121,66.3,Case Dismissed
CAS-2026-1722,Cyber Fraud,Delhi High Court,IPC 120B (Criminal Conspiracy),16,0.75,0,5978263,59.4,Bail Granted
CAS-2026-1723,Bail Application,Bombay High Court,IT Act 66D,33,0.61,0,543035,53.0,Settlement Agreed
CAS-2026-1724,Cyber Fraud,District & Sessions Court,IT Act 66D,21,0.49,1,3199072,59.1,Case Dismissed
CAS-2026-1725,Divorce & Maintenance,Karnataka High Court,IPC 379 (Theft),9,0.21,0,6750723,56.7,Bail Granted
CAS-2026-1726,Divorce & Maintenance,Supreme Court of India,NI Act 138 (Cheque Bounce),6,0.46,0,8449092,81.7,Bail Denied
CAS-2026-1727,Property Dispute,Bombay High Court,IPC 379 (Theft),45,0.42,2,5300551,46.5,Bail Granted
CAS-2026-1728,Property Dispute,Bombay High Court,NI Act 138 (Cheque Bounce),35,0.37,0,9177925,75.9,Bail Granted
CAS-2026-1729,Cyber Fraud,Madras High Court,IT Act 66D,39,0.75,2,7847156,83.0,Bail Granted
CAS-2026-1730,Contract Violation,Delhi High Court,IT Act 66D,22,0.72,0,4652636,69.0,Case Dismissed
CAS-2026-1731,Cyber Fraud,Bombay High Court,IPC 420 (Cheating),41,0.62,0,851240,91.6,Bail Granted
CAS-2026-1732,Property Dispute,Bombay High Court,IPC 498A (Cruelty),5,0.94,0,4415596,80.4,Bail Denied
CAS-2026-1733,Divorce & Maintenance,Karnataka High Court,IPC 307 (Attempt to Murder),42,0.41,2,6875996,82.4,Case Dismissed
CAS-2026-1734,Criminal Breach of Trust,Karnataka High Court,IPC 379 (Theft),23,0.32,0,1095791,54.8,Bail Denied
CAS-2026-1735,Cyber Fraud,District & Sessions Court,IPC 120B (Criminal Conspiracy),17,0.68,0,2060299,83.9,Injunction Issued
CAS-2026-1736,Divorce & Maintenance,Supreme Court of India,NI Act 138 (Cheque Bounce),12,0.28,3,5179111,86.6,Bail Granted
CAS-2026-1737,Criminal Breach of Trust,Madras High Court,IPC 120B (Criminal Conspiracy),23,0.38,0,8002634,63.1,Case Dismissed
CAS-2026-1738,Criminal Breach of Trust,Supreme Court of India,IPC 498A (Cruelty),16,0.3,0,2953501,55.7,Case Dismissed
CAS-2026-1739,Property Dispute,District & Sessions Court,NI Act 138 (Cheque Bounce),3,0.16,0,6382444,64.3,Bail Granted
CAS-2026-1740,Cyber Fraud,Karnataka High Court,IPC 379 (Theft),30,0.84,1,5713904,82.0,Settlement Agreed
CAS-2026-1741,Cheque Bounce u/s 138,Delhi High Court,IPC 420 (Cheating),22,0.33,0,2559622,65.9,Settlement Agreed
CAS-2026-1742,Bail Application,Karnataka High Court,IPC 120B (Criminal Conspiracy),9,0.52,0,1997459,81.8,Bail Denied
CAS-2026-1743,Property Dispute,Madras High Court,IPC 498A (Cruelty),29,0.14,0,4340012,50.7,Bail Granted
CAS-2026-1744,Property Dispute,Karnataka High Court,IPC 379 (Theft),47,0.72,0,1315442,85.3,Bail Granted
CAS-2026-1745,Cheque Bounce u/s 138,Madras High Court,IT Act 66D,37,0.39,2,5664396,57.7,Injunction Issued
CAS-2026-1746,Bail Application,Madras High Court,IT Act 66D,23,0.76,2,8003797,57.4,Settlement Agreed
CAS-2026-1747,Divorce & Maintenance,Madras High Court,IPC 379 (Theft),13,0.47,1,2680309,74.5,Settlement Agreed
CAS-2026-1748,Contract Violation,District & Sessions Court,IPC 379 (Theft),32,0.27,1,6525148,48.5,Bail Granted
CAS-2026-1749,Cyber Fraud,Madras High Court,IPC 379 (Theft),46,0.56,0,7149985,46.3,Bail Denied
CAS-2026-1750,Contract Violation,Madras High Court,NI Act 138 (Cheque Bounce),47,0.22,0,7606161,58.1,Bail Granted
CAS-2026-1751,Divorce & Maintenance,Delhi High Court,IPC 379 (Theft),23,0.49,1,5251946,71.9,Bail Denied
CAS-2026-1752,Property Dispute,Supreme Court of India,IPC 120B (Criminal Conspiracy),45,0.38,0,7126206,90.4,Settlement Agreed
CAS-2026-1753,Bail Application,Bombay High Court,IPC 498A (Cruelty),17,0.91,0,4347328,87.3,Injunction Issued
CAS-2026-1754,Property Dispute,Supreme Court of India,NI Act 138 (Cheque Bounce),40,0.15,1,1551469,69.5,Case Dismissed
CAS-2026-1755,Criminal Breach of Trust,Madras High Court,IPC 379 (Theft),21,0.72,0,3400874,46.9,Settlement Agreed
CAS-2026-1756,Property Dispute,Delhi High Court,IPC 307 (Attempt to Murder),2,0.26,1,4836416,71.8,Bail Denied
CAS-2026-1757,Property Dispute,Karnataka High Court,IPC 307 (Attempt to Murder),37,0.38,0,4163997,80.2,Bail Granted
CAS-2026-1758,Divorce & Maintenance,Delhi High Court,IPC 498A (Cruelty),6,0.47,0,8402975,62.0,Settlement Agreed
CAS-2026-1759,Divorce & Maintenance,Madras High Court,IT Act 66D,44,0.91,0,6226463,50.6,Injunction Issued
CAS-2026-1760,Divorce & Maintenance,Delhi High Court,IPC 420 (Cheating),18,0.32,0,8537534,58.9,Bail Denied
CAS-2026-1761,Contract Violation,Delhi High Court,IPC 420 (Cheating),30,0.18,1,5510812,83.6,Bail Granted
CAS-2026-1762,Criminal Breach of Trust,Madras High Court,IT Act 66D,22,0.38,0,7252765,62.6,Case Dismissed
CAS-2026-1763,Divorce & Maintenance,District & Sessions Court,NI Act 138 (Cheque Bounce),33,0.19,0,6207182,85.6,Bail Denied
CAS-2026-1764,Bail Application,Delhi High Court,NI Act 138 (Cheque Bounce),30,0.21,0,6112621,61.0,Bail Granted
CAS-2026-1765,Contract Violation,Bombay High Court,NI Act 138 (Cheque Bounce),17,0.61,0,3851387,53.2,Case Dismissed
CAS-2026-1766,Cheque Bounce u/s 138,Bombay High Court,IPC 420 (Cheating),43,0.15,0,2879060,66.8,Bail Granted
CAS-2026-1767,Bail Application,Delhi High Court,IPC 307 (Attempt to Murder),32,0.13,2,583791,67.6,Case Dismissed
CAS-2026-1768,Cyber Fraud,District & Sessions Court,IPC 420 (Cheating),42,0.74,0,2258714,45.8,Case Dismissed
CAS-2026-1769,Cyber Fraud,Karnataka High Court,IPC 120B (Criminal Conspiracy),14,0.42,1,9284874,50.9,Case Dismissed
CAS-2026-1770,Bail Application,Madras High Court,IPC 379 (Theft),10,0.21,1,2722280,54.2,Bail Granted
CAS-2026-1771,Divorce & Maintenance,Bombay High Court,NI Act 138 (Cheque Bounce),47,0.33,0,4325872,50.7,Case Dismissed
CAS-2026-1772,Cheque Bounce u/s 138,Karnataka High Court,IPC 307 (Attempt to Murder),36,0.67,0,9149867,62.1,Bail Denied
CAS-2026-1773,Cheque Bounce u/s 138,Delhi High Court,IPC 498A (Cruelty),34,0.35,1,9098934,93.2,Injunction Issued
CAS-2026-1774,Contract Violation,Karnataka High Court,IPC 498A (Cruelty),9,0.54,0,1345749,70.5,Injunction Issued
CAS-2026-1775,Cheque Bounce u/s 138,Supreme Court of India,IPC 379 (Theft),42,0.21,0,9444885,76.4,Case Dismissed
CAS-2026-1776,Cyber Fraud,Bombay High Court,IPC 307 (Attempt to Murder),28,0.62,0,2326941,62.8,Injunction Issued
CAS-2026-1777,Criminal Breach of Trust,Delhi High Court,IPC 420 (Cheating),11,0.38,2,1518180,61.2,Injunction Issued
CAS-2026-1778,Divorce & Maintenance,Madras High Court,IPC 420 (Cheating),14,0.66,2,8563331,46.2,Case Dismissed
CAS-2026-1779,Cheque Bounce u/s 138,District & Sessions Court,IPC 120B (Criminal Conspiracy),39,0.82,1,6333146,70.0,Case Dismissed
CAS-2026-1780,Contract Violation,Delhi High Court,IPC 120B (Criminal Conspiracy),47,0.64,0,7154499,69.2,Bail Denied
CAS-2026-1781,Cyber Fraud,Madras High Court,IPC 420 (Cheating),19,0.36,0,8337881,52.9,Settlement Agreed
CAS-2026-1782,Criminal Breach of Trust,District & Sessions Court,IPC 498A (Cruelty),15,0.33,0,3118967,83.2,Bail Granted
CAS-2026-1783,Property Dispute,District & Sessions Court,NI Act 138 (Cheque Bounce),28,0.39,0,3826904,69.6,Case Dismissed
CAS-2026-1784,Property Dispute,Delhi High Court,IPC 498A (Cruelty),24,0.25,0,892515,61.9,Case Dismissed
CAS-2026-1785,Criminal Breach of Trust,Karnataka High Court,IPC 120B (Criminal Conspiracy),8,0.26,2,6010838,52.3,Injunction Issued
CAS-2026-1786,Cyber Fraud,Karnataka High Court,IPC 379 (Theft),43,0.8,2,1493196,72.6,Bail Denied
CAS-2026-1787,Contract Violation,District & Sessions Court,IPC 420 (Cheating),9,0.44,0,1135211,82.6,Injunction Issued
CAS-2026-1788,Criminal Breach of Trust,Karnataka High Court,IPC 120B (Criminal Conspiracy),47,0.49,0,2289568,59.1,Case Dismissed
CAS-2026-1789,Divorce & Maintenance,Supreme Court of India,IPC 120B (Criminal Conspiracy),33,0.63,0,4034740,55.9,Case Dismissed
CAS-2026-1790,Divorce & Maintenance,District & Sessions Court,NI Act 138 (Cheque Bounce),33,0.62,0,747122,71.1,Injunction Issued
CAS-2026-1791,Property Dispute,District & Sessions Court,IPC 420 (Cheating),19,0.16,1,3882164,52.8,Case Dismissed
CAS-2026-1792,Cheque Bounce u/s 138,Madras High Court,NI Act 138 (Cheque Bounce),3,0.84,1,1861331,78.3,Settlement Agreed
CAS-2026-1793,Contract Violation,Karnataka High Court,IPC 420 (Cheating),10,0.26,0,1977329,75.3,Bail Granted
CAS-2026-1794,Property Dispute,District & Sessions Court,NI Act 138 (Cheque Bounce),40,0.74,0,2992970,49.4,Bail Granted
CAS-2026-1795,Cheque Bounce u/s 138,Supreme Court of India,IPC 498A (Cruelty),47,0.79,0,415315,46.8,Bail Granted
CAS-2026-1796,Cheque Bounce u/s 138,Madras High Court,IPC 379 (Theft),42,0.74,0,8639202,76.0,Settlement Agreed
CAS-2026-1797,Divorce & Maintenance,Delhi High Court,IPC 379 (Theft),1,0.62,0,9209500,59.7,Case Dismissed
CAS-2026-1798,Cyber Fraud,District & Sessions Court,IPC 420 (Cheating),29,0.11,0,6876432,49.3,Injunction Issued
CAS-2026-1799,Bail Application,Supreme Court of India,IPC 307 (Attempt to Murder),34,0.42,0,4059015,83.0,Bail Denied
CAS-2026-1800,Cyber Fraud,Bombay High Court,IT Act 66D,13,0.64,1,2314979,60.7,Case Dismissed
CAS-2026-1801,Bail Application,Supreme Court of India,IPC 120B (Criminal Conspiracy),1,0.44,0,3505851,68.0,Settlement Agreed
CAS-2026-1802,Criminal Breach of Trust,Supreme Court of India,IPC 120B (Criminal Conspiracy),34,0.87,0,7454292,56.8,Settlement Agreed
CAS-2026-1803,Divorce & Maintenance,Madras High Court,IPC 420 (Cheating),29,0.37,0,296211,76.4,Bail Granted
CAS-2026-1804,Cheque Bounce u/s 138,Delhi High Court,NI Act 138 (Cheque Bounce),47,0.36,0,1936082,60.1,Case Dismissed
CAS-2026-1805,Contract Violation,Bombay High Court,IPC 307 (Attempt to Murder),13,0.34,0,2337699,93.4,Bail Granted
CAS-2026-1806,Bail Application,Karnataka High Court,IPC 498A (Cruelty),29,0.4,0,4558434,80.1,Bail Denied
CAS-2026-1807,Cyber Fraud,Karnataka High Court,NI Act 138 (Cheque Bounce),39,0.6,0,1913065,51.8,Bail Granted
CAS-2026-1808,Cheque Bounce u/s 138,Supreme Court of India,NI Act 138 (Cheque Bounce),24,0.73,0,5057161,65.8,Bail Denied
CAS-2026-1809,Bail Application,Madras High Court,IPC 420 (Cheating),26,0.69,1,7495511,64.3,Settlement Agreed
CAS-2026-1810,Bail Application,Madras High Court,IPC 420 (Cheating),17,0.82,0,4687281,71.7,Bail Granted
CAS-2026-1811,Bail Application,Karnataka High Court,IPC 120B (Criminal Conspiracy),7,0.89,1,5607200,87.1,Bail Granted
CAS-2026-1812,Contract Violation,Bombay High Court,IPC 420 (Cheating),13,0.83,0,8865940,74.2,Injunction Issued
CAS-2026-1813,Divorce & Maintenance,Delhi High Court,IPC 420 (Cheating),5,0.12,0,8572761,48.1,Settlement Agreed
CAS-2026-1814,Contract Violation,Bombay High Court,IPC 420 (Cheating),26,0.75,0,5078234,77.8,Injunction Issued
CAS-2026-1815,Property Dispute,District & Sessions Court,IPC 120B (Criminal Conspiracy),3,0.29,0,9614626,45.4,Bail Denied
CAS-2026-1816,Cheque Bounce u/s 138,District & Sessions Court,IPC 498A (Cruelty),7,0.22,2,4072162,84.0,Bail Denied
CAS-2026-1817,Divorce & Maintenance,Delhi High Court,IPC 498A (Cruelty),39,0.67,1,6266994,78.3,Settlement Agreed
CAS-2026-1818,Divorce & Maintenance,Karnataka High Court,IT Act 66D,1,0.38,2,4272060,60.4,Bail Denied
CAS-2026-1819,Divorce & Maintenance,Delhi High Court,IT Act 66D,17,0.15,2,6703352,59.6,Settlement Agreed
CAS-2026-1820,Cyber Fraud,Madras High Court,IPC 420 (Cheating),43,0.22,0,9796672,84.9,Bail Denied
CAS-2026-1821,Divorce & Maintenance,District & Sessions Court,IT Act 66D,25,0.1,0,178947,84.2,Case Dismissed
CAS-2026-1822,Contract Violation,Supreme Court of India,IPC 120B (Criminal Conspiracy),3,0.9,0,7252604,62.6,Bail Granted
CAS-2026-1823,Divorce & Maintenance,Supreme Court of India,IPC 498A (Cruelty),15,0.12,3,8236537,59.9,Case Dismissed
CAS-2026-1824,Criminal Breach of Trust,Karnataka High Court,NI Act 138 (Cheque Bounce),29,0.29,1,4069411,73.0,Settlement Agreed
CAS-2026-1825,Cheque Bounce u/s 138,Madras High Court,IPC 498A (Cruelty),43,0.47,0,6487952,45.4,Settlement Agreed
CAS-2026-1826,Divorce & Maintenance,Bombay High Court,IPC 498A (Cruelty),32,0.42,1,6069677,49.1,Case Dismissed
CAS-2026-1827,Cheque Bounce u/s 138,Madras High Court,IPC 120B (Criminal Conspiracy),26,0.91,0,1068410,51.3,Bail Granted
CAS-2026-1828,Criminal Breach of Trust,Supreme Court of India,IT Act 66D,16,0.14,0,4036642,54.3,Bail Granted
CAS-2026-1829,Criminal Breach of Trust,Supreme Court of India,NI Act 138 (Cheque Bounce),25,0.56,0,9183542,70.6,Injunction Issued
CAS-2026-1830,Cheque Bounce u/s 138,District & Sessions Court,IPC 120B (Criminal Conspiracy),28,0.71,0,1140835,94.6,Bail Denied
CAS-2026-1831,Bail Application,Madras High Court,IPC 420 (Cheating),9,0.93,1,6726532,77.6,Injunction Issued
CAS-2026-1832,Property Dispute,Madras High Court,IPC 379 (Theft),1,0.65,0,5486452,48.1,Bail Granted
CAS-2026-1833,Cyber Fraud,Supreme Court of India,IPC 498A (Cruelty),29,0.82,0,8631225,71.3,Case Dismissed
CAS-2026-1834,Bail Application,Bombay High Court,IPC 379 (Theft),22,0.17,0,7052057,69.8,Bail Denied
CAS-2026-1835,Bail Application,Karnataka High Court,IPC 120B (Criminal Conspiracy),16,0.44,0,9757570,52.2,Case Dismissed
CAS-2026-1836,Contract Violation,Karnataka High Court,IPC 120B (Criminal Conspiracy),41,0.43,0,5234629,91.0,Injunction Issued
CAS-2026-1837,Cyber Fraud,Madras High Court,IPC 120B (Criminal Conspiracy),44,0.89,0,5026730,67.0,Settlement Agreed
CAS-2026-1838,Cyber Fraud,Karnataka High Court,IPC 379 (Theft),41,0.23,0,1130120,94.7,Case Dismissed
CAS-2026-1839,Bail Application,Supreme Court of India,IPC 120B (Criminal Conspiracy),7,0.24,0,1134780,66.0,Injunction Issued
CAS-2026-1840,Divorce & Maintenance,Supreme Court of India,IPC 420 (Cheating),14,0.39,0,7228822,75.4,Injunction Issued
CAS-2026-1841,Contract Violation,Madras High Court,IPC 120B (Criminal Conspiracy),29,0.15,1,9952731,50.2,Injunction Issued
CAS-2026-1842,Contract Violation,Madras High Court,IPC 307 (Attempt to Murder),19,0.26,0,849045,67.7,Settlement Agreed
CAS-2026-1843,Criminal Breach of Trust,District & Sessions Court,IT Act 66D,19,0.96,0,972109,56.9,Settlement Agreed
CAS-2026-1844,Cyber Fraud,Madras High Court,IPC 379 (Theft),2,0.48,0,7836085,86.8,Settlement Agreed
CAS-2026-1845,Bail Application,Bombay High Court,IPC 307 (Attempt to Murder),41,0.66,0,487405,84.2,Bail Denied
CAS-2026-1846,Criminal Breach of Trust,Karnataka High Court,IPC 120B (Criminal Conspiracy),45,0.75,0,6905360,86.2,Settlement Agreed
CAS-2026-1847,Cheque Bounce u/s 138,Madras High Court,IPC 420 (Cheating),15,0.43,1,4661786,81.2,Settlement Agreed
CAS-2026-1848,Property Dispute,Delhi High Court,IPC 498A (Cruelty),3,0.23,2,4858669,86.6,Settlement Agreed
CAS-2026-1849,Contract Violation,District & Sessions Court,NI Act 138 (Cheque Bounce),11,0.28,2,3201004,55.0,Case Dismissed
CAS-2026-1850,Cheque Bounce u/s 138,Delhi High Court,IT Act 66D,46,0.38,0,5634693,67.6,Settlement Agreed
CAS-2026-1851,Cheque Bounce u/s 138,Supreme Court of India,NI Act 138 (Cheque Bounce),30,0.67,0,3032208,79.6,Bail Denied
CAS-2026-1852,Divorce & Maintenance,Karnataka High Court,IPC 120B (Criminal Conspiracy),40,0.45,1,4287442,76.9,Injunction Issued
CAS-2026-1853,Property Dispute,Madras High Court,IT Act 66D,18,0.11,0,3912197,80.8,Case Dismissed
CAS-2026-1854,Cheque Bounce u/s 138,Delhi High Court,IT Act 66D,2,0.57,0,9169984,56.2,Bail Granted
CAS-2026-1855,Cheque Bounce u/s 138,Karnataka High Court,IPC 420 (Cheating),32,0.92,1,6533564,49.9,Settlement Agreed
CAS-2026-1856,Property Dispute,Supreme Court of India,IT Act 66D,8,0.82,0,1056740,90.8,Injunction Issued
CAS-2026-1857,Property Dispute,Bombay High Court,IPC 379 (Theft),22,0.83,0,2310846,73.0,Injunction Issued
CAS-2026-1858,Cheque Bounce u/s 138,District & Sessions Court,IPC 307 (Attempt to Murder),6,0.81,0,4528760,52.7,Case Dismissed
CAS-2026-1859,Property Dispute,Karnataka High Court,IPC 307 (Attempt to Murder),12,0.39,0,2409231,84.7,Bail Granted
CAS-2026-1860,Cheque Bounce u/s 138,Karnataka High Court,IPC 307 (Attempt to Murder),47,0.78,0,4710764,90.7,Bail Denied
CAS-2026-1861,Cheque Bounce u/s 138,Bombay High Court,IPC 379 (Theft),40,0.23,0,9993427,53.5,Injunction Issued
CAS-2026-1862,Divorce & Maintenance,Karnataka High Court,NI Act 138 (Cheque Bounce),36,0.69,0,4595433,85.9,Injunction Issued
CAS-2026-1863,Bail Application,Supreme Court of India,IPC 420 (Cheating),15,0.67,0,5315784,91.7,Injunction Issued
CAS-2026-1864,Cheque Bounce u/s 138,Supreme Court of India,IT Act 66D,28,0.12,0,2067582,91.9,Injunction Issued
CAS-2026-1865,Criminal Breach of Trust,Bombay High Court,IPC 379 (Theft),45,0.8,1,940268,90.7,Case Dismissed
CAS-2026-1866,Contract Violation,District & Sessions Court,IPC 307 (Attempt to Murder),18,0.9,0,6229026,72.3,Bail Granted
CAS-2026-1867,Cyber Fraud,Madras High Court,IPC 120B (Criminal Conspiracy),2,0.34,0,5870938,62.8,Injunction Issued
CAS-2026-1868,Bail Application,Delhi High Court,IPC 498A (Cruelty),13,0.82,0,6657601,45.4,Bail Denied
CAS-2026-1869,Bail Application,Madras High Court,IT Act 66D,45,0.17,2,8541243,48.0,Bail Denied
CAS-2026-1870,Bail Application,Karnataka High Court,IPC 379 (Theft),15,0.63,0,1083638,66.4,Settlement Agreed
CAS-2026-1871,Divorce & Maintenance,Delhi High Court,IPC 379 (Theft),20,0.53,0,7011596,65.0,Injunction Issued
CAS-2026-1872,Cheque Bounce u/s 138,Bombay High Court,IPC 420 (Cheating),29,0.59,0,5696127,54.2,Injunction Issued
CAS-2026-1873,Divorce & Maintenance,Bombay High Court,IPC 420 (Cheating),42,0.92,1,2891671,64.8,Injunction Issued
CAS-2026-1874,Cheque Bounce u/s 138,District & Sessions Court,IPC 379 (Theft),29,0.88,0,2161892,53.7,Injunction Issued
CAS-2026-1875,Divorce & Maintenance,Delhi High Court,IPC 307 (Attempt to Murder),3,0.8,0,3531543,87.4,Injunction Issued
CAS-2026-1876,Divorce & Maintenance,Supreme Court of India,IPC 498A (Cruelty),19,0.34,0,7063266,59.9,Bail Denied
CAS-2026-1877,Contract Violation,Delhi High Court,IT Act 66D,3,0.91,0,4178140,74.9,Bail Granted
CAS-2026-1878,Criminal Breach of Trust,Karnataka High Court,IPC 420 (Cheating),14,0.19,1,8585356,70.1,Bail Granted
CAS-2026-1879,Divorce & Maintenance,Supreme Court of India,IT Act 66D,40,0.86,1,4009308,47.6,Settlement Agreed
CAS-2026-1880,Contract Violation,Bombay High Court,IPC 307 (Attempt to Murder),4,0.39,0,9937206,92.1,Bail Denied
CAS-2026-1881,Property Dispute,Delhi High Court,IT Act 66D,11,0.15,1,9447003,71.4,Injunction Issued
CAS-2026-1882,Criminal Breach of Trust,Madras High Court,IPC 120B (Criminal Conspiracy),31,0.7,0,7566897,61.3,Bail Granted
CAS-2026-1883,Divorce & Maintenance,District & Sessions Court,IPC 420 (Cheating),43,0.31,0,7785727,52.9,Case Dismissed
CAS-2026-1884,Cyber Fraud,Madras High Court,IPC 307 (Attempt to Murder),32,0.32,0,1015767,61.9,Case Dismissed
CAS-2026-1885,Bail Application,District & Sessions Court,IPC 307 (Attempt to Murder),27,0.37,0,8789972,46.0,Case Dismissed
CAS-2026-1886,Property Dispute,Karnataka High Court,IPC 498A (Cruelty),30,0.16,1,9816486,63.2,Injunction Issued
CAS-2026-1887,Property Dispute,Madras High Court,IPC 498A (Cruelty),43,0.26,0,8314491,71.6,Injunction Issued
CAS-2026-1888,Contract Violation,Delhi High Court,IPC 120B (Criminal Conspiracy),2,0.1,0,3469415,88.6,Settlement Agreed
CAS-2026-1889,Property Dispute,Delhi High Court,IPC 307 (Attempt to Murder),9,0.5,0,3803713,79.4,Settlement Agreed
CAS-2026-1890,Criminal Breach of Trust,Madras High Court,NI Act 138 (Cheque Bounce),28,0.17,0,481856,50.6,Settlement Agreed
CAS-2026-1891,Divorce & Maintenance,Delhi High Court,IPC 307 (Attempt to Murder),31,0.71,0,3865444,52.4,Case Dismissed
CAS-2026-1892,Divorce & Maintenance,Karnataka High Court,IPC 498A (Cruelty),34,0.31,0,9251969,66.4,Injunction Issued
CAS-2026-1893,Cyber Fraud,Supreme Court of India,NI Act 138 (Cheque Bounce),15,0.94,1,4679097,54.8,Case Dismissed
CAS-2026-1894,Bail Application,Karnataka High Court,IPC 420 (Cheating),25,0.88,0,7713312,46.4,Settlement Agreed
CAS-2026-1895,Contract Violation,District & Sessions Court,IPC 420 (Cheating),36,0.36,0,4116899,85.3,Injunction Issued
CAS-2026-1896,Bail Application,Karnataka High Court,IT Act 66D,8,0.8,3,4055199,46.0,Bail Denied
CAS-2026-1897,Property Dispute,District & Sessions Court,IPC 379 (Theft),9,0.81,1,5342329,86.5,Bail Granted
CAS-2026-1898,Cyber Fraud,Delhi High Court,IPC 498A (Cruelty),37,0.98,0,3368896,52.2,Bail Granted
CAS-2026-1899,Bail Application,Supreme Court of India,IPC 379 (Theft),45,0.63,1,4353459,93.7,Settlement Agreed
CAS-2026-1900,Criminal Breach of Trust,Delhi High Court,NI Act 138 (Cheque Bounce),39,0.17,0,7456943,75.2,Case Dismissed
CAS-2026-1901,Divorce & Maintenance,Bombay High Court,IPC 498A (Cruelty),32,0.68,0,7236940,81.7,Bail Denied
CAS-2026-1902,Property Dispute,Delhi High Court,IPC 120B (Criminal Conspiracy),17,0.66,0,2954135,50.5,Injunction Issued
CAS-2026-1903,Cyber Fraud,District & Sessions Court,IPC 307 (Attempt to Murder),35,0.67,3,576377,88.1,Case Dismissed
CAS-2026-1904,Bail Application,Delhi High Court,IPC 120B (Criminal Conspiracy),37,0.37,0,498422,87.0,Settlement Agreed
CAS-2026-1905,Contract Violation,Delhi High Court,NI Act 138 (Cheque Bounce),19,0.87,0,221937,77.6,Case Dismissed
CAS-2026-1906,Criminal Breach of Trust,Supreme Court of India,IPC 498A (Cruelty),44,0.95,0,1233629,70.1,Settlement Agreed
CAS-2026-1907,Criminal Breach of Trust,Delhi High Court,NI Act 138 (Cheque Bounce),29,0.29,1,7752126,81.1,Bail Granted
CAS-2026-1908,Bail Application,Supreme Court of India,IPC 307 (Attempt to Murder),7,0.18,0,478355,45.3,Bail Granted
CAS-2026-1909,Divorce & Maintenance,Madras High Court,IPC 420 (Cheating),28,0.27,0,4093611,74.6,Case Dismissed
CAS-2026-1910,Bail Application,Bombay High Court,IPC 420 (Cheating),9,0.83,0,9837024,87.4,Bail Denied
CAS-2026-1911,Property Dispute,Supreme Court of India,NI Act 138 (Cheque Bounce),28,0.7,1,7914889,62.8,Injunction Issued
CAS-2026-1912,Bail Application,District & Sessions Court,IPC 379 (Theft),6,0.67,3,7377186,50.4,Settlement Agreed
CAS-2026-1913,Criminal Breach of Trust,Madras High Court,IPC 498A (Cruelty),29,0.46,0,1775259,66.0,Injunction Issued
CAS-2026-1914,Cyber Fraud,Supreme Court of India,IPC 498A (Cruelty),17,0.61,0,9528082,81.4,Bail Granted
CAS-2026-1915,Bail Application,Supreme Court of India,IPC 420 (Cheating),16,0.37,2,8273192,50.4,Bail Denied
CAS-2026-1916,Divorce & Maintenance,Bombay High Court,IT Act 66D,23,0.52,0,6709001,55.3,Bail Denied
CAS-2026-1917,Cyber Fraud,District & Sessions Court,IPC 120B (Criminal Conspiracy),31,0.81,1,7637330,52.4,Injunction Issued
CAS-2026-1918,Contract Violation,Karnataka High Court,IT Act 66D,3,0.97,1,9037999,84.8,Bail Granted
CAS-2026-1919,Cheque Bounce u/s 138,Karnataka High Court,IPC 307 (Attempt to Murder),21,0.93,0,8916087,48.1,Injunction Issued
CAS-2026-1920,Bail Application,Supreme Court of India,IPC 120B (Criminal Conspiracy),26,0.93,0,6124945,79.3,Case Dismissed
CAS-2026-1921,Divorce & Maintenance,Delhi High Court,IPC 120B (Criminal Conspiracy),36,0.46,0,1460764,63.3,Bail Denied
CAS-2026-1922,Cyber Fraud,District & Sessions Court,NI Act 138 (Cheque Bounce),42,0.52,0,3271553,82.8,Bail Denied
CAS-2026-1923,Divorce & Maintenance,Madras High Court,IPC 420 (Cheating),37,0.73,0,2694545,93.2,Case Dismissed
CAS-2026-1924,Contract Violation,Delhi High Court,IT Act 66D,22,0.92,0,3282999,50.7,Bail Granted
CAS-2026-1925,Criminal Breach of Trust,Delhi High Court,IT Act 66D,42,0.23,0,9614440,60.7,Bail Denied
CAS-2026-1926,Divorce & Maintenance,District & Sessions Court,IPC 420 (Cheating),12,0.37,0,7506465,85.5,Settlement Agreed
CAS-2026-1927,Cyber Fraud,Supreme Court of India,IT Act 66D,42,0.22,0,7129446,58.3,Settlement Agreed
CAS-2026-1928,Divorce & Maintenance,Supreme Court of India,IPC 420 (Cheating),13,0.64,0,5890740,55.8,Bail Granted
CAS-2026-1929,Divorce & Maintenance,Supreme Court of India,NI Act 138 (Cheque Bounce),11,0.37,1,9051442,86.3,Case Dismissed
CAS-2026-1930,Divorce & Maintenance,Supreme Court of India,IPC 379 (Theft),16,0.39,0,8372686,94.4,Injunction Issued
CAS-2026-1931,Property Dispute,Karnataka High Court,IPC 120B (Criminal Conspiracy),8,0.16,1,940597,72.8,Bail Granted
CAS-2026-1932,Property Dispute,Supreme Court of India,NI Act 138 (Cheque Bounce),40,0.41,0,950122,58.9,Injunction Issued
CAS-2026-1933,Criminal Breach of Trust,Karnataka High Court,IPC 498A (Cruelty),40,0.87,0,2672703,64.9,Bail Granted
CAS-2026-1934,Bail Application,Karnataka High Court,IPC 307 (Attempt to Murder),45,0.31,1,830559,53.5,Settlement Agreed
CAS-2026-1935,Divorce & Maintenance,Supreme Court of India,IPC 379 (Theft),2,0.72,0,9010335,83.1,Case Dismissed
CAS-2026-1936,Contract Violation,Bombay High Court,IPC 498A (Cruelty),30,0.66,0,6428404,83.7,Settlement Agreed
CAS-2026-1937,Bail Application,Madras High Court,IPC 120B (Criminal Conspiracy),30,0.87,0,1962015,88.8,Case Dismissed
CAS-2026-1938,Contract Violation,Delhi High Court,IT Act 66D,12,0.22,0,2105464,46.3,Injunction Issued
CAS-2026-1939,Bail Application,Karnataka High Court,IPC 420 (Cheating),10,0.97,0,9770930,73.1,Bail Granted
CAS-2026-1940,Criminal Breach of Trust,District & Sessions Court,IPC 120B (Criminal Conspiracy),44,0.62,0,4705677,55.7,Bail Denied
CAS-2026-1941,Divorce & Maintenance,District & Sessions Court,NI Act 138 (Cheque Bounce),11,0.99,0,4117641,62.0,Bail Denied
CAS-2026-1942,Divorce & Maintenance,Madras High Court,IPC 307 (Attempt to Murder),15,0.91,0,1805692,84.2,Case Dismissed
CAS-2026-1943,Cheque Bounce u/s 138,District & Sessions Court,NI Act 138 (Cheque Bounce),16,0.3,0,8425648,54.6,Case Dismissed
CAS-2026-1944,Contract Violation,Bombay High Court,IPC 379 (Theft),17,0.15,0,9497115,76.9,Settlement Agreed
CAS-2026-1945,Bail Application,District & Sessions Court,IPC 379 (Theft),26,0.33,0,726776,77.7,Bail Denied
CAS-2026-1946,Bail Application,Delhi High Court,IPC 307 (Attempt to Murder),2,0.57,0,1861987,92.7,Settlement Agreed
CAS-2026-1947,Property Dispute,Delhi High Court,IPC 498A (Cruelty),12,0.25,3,6623229,83.8,Injunction Issued
CAS-2026-1948,Cheque Bounce u/s 138,Karnataka High Court,IPC 498A (Cruelty),26,0.25,0,9470707,85.2,Bail Denied
CAS-2026-1949,Cyber Fraud,Supreme Court of India,IPC 379 (Theft),23,0.51,0,3586082,71.6,Injunction Issued
CAS-2026-1950,Cyber Fraud,Bombay High Court,IPC 379 (Theft),18,0.13,0,1650642,54.3,Bail Granted
CAS-2026-1951,Property Dispute,Karnataka High Court,IT Act 66D,32,0.21,2,2594903,66.3,Settlement Agreed
CAS-2026-1952,Property Dispute,Bombay High Court,IPC 420 (Cheating),38,0.47,0,7889283,72.5,Case Dismissed
CAS-2026-1953,Property Dispute,Supreme Court of India,IT Act 66D,47,0.16,2,616031,78.9,Bail Denied
CAS-2026-1954,Contract Violation,District & Sessions Court,IT Act 66D,3,0.45,0,147367,75.4,Settlement Agreed
CAS-2026-1955,Contract Violation,District & Sessions Court,IPC 498A (Cruelty),38,0.52,0,7326078,64.7,Case Dismissed
CAS-2026-1956,Criminal Breach of Trust,Supreme Court of India,IPC 307 (Attempt to Murder),3,0.5,1,5795908,58.3,Bail Granted
CAS-2026-1957,Criminal Breach of Trust,Karnataka High Court,IPC 498A (Cruelty),30,0.87,0,1732748,53.4,Bail Denied
CAS-2026-1958,Property Dispute,Supreme Court of India,IPC 420 (Cheating),1,0.57,0,4962944,79.7,Injunction Issued
CAS-2026-1959,Cheque Bounce u/s 138,Madras High Court,NI Act 138 (Cheque Bounce),30,0.52,1,464716,77.3,Bail Granted
CAS-2026-1960,Bail Application,Delhi High Court,IPC 379 (Theft),45,0.47,2,5427701,79.4,Case Dismissed
CAS-2026-1961,Contract Violation,Karnataka High Court,IPC 379 (Theft),32,0.83,0,8733305,63.6,Bail Denied
CAS-2026-1962,Cheque Bounce u/s 138,Bombay High Court,IPC 420 (Cheating),28,0.9,0,5353087,58.1,Bail Denied
CAS-2026-1963,Divorce & Maintenance,Madras High Court,IT Act 66D,21,0.86,1,5020791,83.0,Bail Granted
CAS-2026-1964,Contract Violation,Karnataka High Court,IPC 307 (Attempt to Murder),46,0.7,0,5370637,83.7,Bail Denied
CAS-2026-1965,Contract Violation,Supreme Court of India,IPC 379 (Theft),13,0.22,1,8452804,67.8,Case Dismissed
CAS-2026-1966,Criminal Breach of Trust,Supreme Court of India,IPC 120B (Criminal Conspiracy),27,0.35,0,554623,75.6,Bail Granted
CAS-2026-1967,Bail Application,Supreme Court of India,IT Act 66D,36,0.14,0,8384742,63.7,Injunction Issued
CAS-2026-1968,Bail Application,Supreme Court of India,IPC 379 (Theft),7,0.93,2,8115648,80.1,Bail Granted
CAS-2026-1969,Cyber Fraud,Bombay High Court,IPC 120B (Criminal Conspiracy),22,0.69,0,1410646,86.8,Bail Granted
CAS-2026-1970,Cyber Fraud,Madras High Court,IPC 420 (Cheating),10,0.76,0,8529948,79.4,Injunction Issued
CAS-2026-1971,Cyber Fraud,District & Sessions Court,IPC 420 (Cheating),39,0.38,0,9458346,70.6,Case Dismissed
CAS-2026-1972,Cyber Fraud,Delhi High Court,IT Act 66D,15,0.85,0,8269815,67.9,Settlement Agreed
CAS-2026-1973,Divorce & Maintenance,Bombay High Court,IPC 379 (Theft),15,0.33,0,992743,77.1,Settlement Agreed
CAS-2026-1974,Divorce & Maintenance,Bombay High Court,IPC 498A (Cruelty),4,0.1,1,2114751,79.0,Injunction Issued
CAS-2026-1975,Contract Violation,District & Sessions Court,IPC 120B (Criminal Conspiracy),32,0.44,0,5942488,72.9,Case Dismissed
CAS-2026-1976,Property Dispute,District & Sessions Court,IPC 307 (Attempt to Murder),23,0.61,0,1513285,76.2,Bail Denied
CAS-2026-1977,Criminal Breach of Trust,Delhi High Court,IPC 379 (Theft),6,0.53,1,1430657,49.8,Injunction Issued
CAS-2026-1978,Criminal Breach of Trust,Delhi High Court,IPC 307 (Attempt to Murder),24,0.87,0,9452819,92.6,Settlement Agreed
CAS-2026-1979,Cyber Fraud,District & Sessions Court,IPC 379 (Theft),20,0.19,0,5352279,84.5,Case Dismissed
CAS-2026-1980,Contract Violation,Supreme Court of India,IPC 498A (Cruelty),37,0.59,0,1045161,63.7,Bail Granted
CAS-2026-1981,Cheque Bounce u/s 138,Bombay High Court,IPC 498A (Cruelty),20,0.56,2,5100783,73.1,Case Dismissed
CAS-2026-1982,Property Dispute,Karnataka High Court,IT Act 66D,12,0.35,0,2428767,47.4,Case Dismissed
CAS-2026-1983,Contract Violation,Delhi High Court,IT Act 66D,33,0.83,0,8433631,47.1,Settlement Agreed
CAS-2026-1984,Property Dispute,Delhi High Court,IPC 498A (Cruelty),28,0.77,0,2807133,57.5,Settlement Agreed
CAS-2026-1985,Property Dispute,District & Sessions Court,NI Act 138 (Cheque Bounce),8,0.75,0,4919523,79.5,Bail Denied
CAS-2026-1986,Property Dispute,Madras High Court,IPC 498A (Cruelty),1,0.88,0,6722266,87.6,Bail Denied
CAS-2026-1987,Contract Violation,Karnataka High Court,IPC 420 (Cheating),37,0.74,0,153010,73.0,Injunction Issued
CAS-2026-1988,Cyber Fraud,Karnataka High Court,IPC 420 (Cheating),22,0.31,0,5905333,71.6,Bail Granted
CAS-2026-1989,Criminal Breach of Trust,Delhi High Court,NI Act 138 (Cheque Bounce),6,0.73,3,5616552,65.1,Bail Denied
CAS-2026-1990,Criminal Breach of Trust,Supreme Court of India,IPC 120B (Criminal Conspiracy),21,0.37,0,1007272,53.1,Settlement Agreed
CAS-2026-1991,Cyber Fraud,Madras High Court,IPC 307 (Attempt to Murder),32,0.32,0,4174411,50.9,Case Dismissed
CAS-2026-1992,Property Dispute,Karnataka High Court,IPC 379 (Theft),35,0.16,0,636364,83.0,Injunction Issued
CAS-2026-1993,Cheque Bounce u/s 138,Delhi High Court,IPC 379 (Theft),15,0.76,0,1003057,91.4,Bail Denied
CAS-2026-1994,Bail Application,Karnataka High Court,NI Act 138 (Cheque Bounce),5,0.73,0,1850652,67.9,Case Dismissed
CAS-2026-1995,Contract Violation,Madras High Court,IPC 420 (Cheating),46,0.31,0,2719909,78.0,Case Dismissed
CAS-2026-1996,Bail Application,Madras High Court,IT Act 66D,6,0.77,0,763478,90.7,Bail Denied
CAS-2026-1997,Cyber Fraud,Bombay High Court,IPC 379 (Theft),25,0.92,1,4239524,49.5,Bail Granted
CAS-2026-1998,Cheque Bounce u/s 138,District & Sessions Court,IPC 420 (Cheating),46,0.2,0,9791578,83.5,Bail Granted
CAS-2026-1999,Contract Violation,District & Sessions Court,IPC 120B (Criminal Conspiracy),40,0.31,0,1090993,75.8,Injunction Issued
CAS-2026-2000,Cyber Fraud,Delhi High Court,IPC 307 (Attempt to Murder),29,0.77,0,6494544,74.9,Bail Granted
CAS-2026-2001,Property Dispute,Madras High Court,IPC 120B (Criminal Conspiracy),7,0.34,0,1688049,59.6,Injunction Issued
CAS-2026-2002,Criminal Breach of Trust,Bombay High Court,NI Act 138 (Cheque Bounce),40,0.66,0,1059296,79.2,Settlement Agreed
CAS-2026-2003,Bail Application,Bombay High Court,IPC 498A (Cruelty),13,0.17,0,8437746,84.7,Bail Denied
CAS-2026-2004,Divorce & Maintenance,Karnataka High Court,IPC 498A (Cruelty),38,0.5,0,8014933,50.6,Case Dismissed
CAS-2026-2005,Divorce & Maintenance,Karnataka High Court,IPC 498A (Cruelty),18,0.76,1,362530,71.7,Injunction Issued
CAS-2026-2006,Cheque Bounce u/s 138,Bombay High Court,IPC 120B (Criminal Conspiracy),2,0.71,0,3731097,50.1,Bail Granted
CAS-2026-2007,Property Dispute,Karnataka High Court,IPC 379 (Theft),8,0.83,0,5808824,88.6,Injunction Issued
CAS-2026-2008,Bail Application,Madras High Court,IPC 307 (Attempt to Murder),11,0.88,0,2142361,70.4,Injunction Issued
CAS-2026-2009,Property Dispute,Supreme Court of India,IPC 498A (Cruelty),33,0.79,0,317767,85.4,Bail Granted
CAS-2026-2010,Bail Application,Madras High Court,NI Act 138 (Cheque Bounce),38,0.7,0,1209970,63.4,Bail Granted
CAS-2026-2011,Cheque Bounce u/s 138,Bombay High Court,NI Act 138 (Cheque Bounce),27,0.13,2,3970033,51.3,Bail Denied
CAS-2026-2012,Cheque Bounce u/s 138,Bombay High Court,IPC 498A (Cruelty),20,0.58,0,5982545,47.1,Case Dismissed
CAS-2026-2013,Divorce & Maintenance,Madras High Court,IPC 498A (Cruelty),12,0.13,3,9134612,59.1,Bail Denied
CAS-2026-2014,Property Dispute,Karnataka High Court,IPC 307 (Attempt to Murder),43,0.82,1,287486,57.2,Bail Denied
CAS-2026-2015,Contract Violation,Karnataka High Court,IPC 498A (Cruelty),31,0.39,0,7363776,73.0,Bail Granted
CAS-2026-2016,Divorce & Maintenance,District & Sessions Court,IPC 307 (Attempt to Murder),27,0.6,0,1728782,46.1,Bail Granted
CAS-2026-2017,Property Dispute,Bombay High Court,NI Act 138 (Cheque Bounce),32,0.35,0,3488284,71.0,Case Dismissed
CAS-2026-2018,Divorce & Maintenance,Delhi High Court,IPC 498A (Cruelty),10,0.8,0,9914968,64.6,Injunction Issued
CAS-2026-2019,Contract Violation,District & Sessions Court,IPC 120B (Criminal Conspiracy),3,0.89,2,1833391,73.9,Bail Denied
CAS-2026-2020,Criminal Breach of Trust,Karnataka High Court,IT Act 66D,45,0.45,0,8855198,80.1,Case Dismissed
CAS-2026-2021,Criminal Breach of Trust,Madras High Court,IPC 120B (Criminal Conspiracy),27,0.87,1,8583310,76.7,Bail Denied
CAS-2026-2022,Criminal Breach of Trust,Karnataka High Court,NI Act 138 (Cheque Bounce),35,0.34,0,2302661,94.2,Injunction Issued
CAS-2026-2023,Criminal Breach of Trust,Madras High Court,IPC 307 (Attempt to Murder),31,0.58,1,4650056,51.9,Bail Denied
CAS-2026-2024,Cyber Fraud,District & Sessions Court,IPC 120B (Criminal Conspiracy),15,0.86,2,1262886,66.5,Settlement Agreed
CAS-2026-2025,Bail Application,Bombay High Court,IPC 307 (Attempt to Murder),16,0.39,0,4175341,66.2,Case Dismissed
CAS-2026-2026,Cyber Fraud,Karnataka High Court,IPC 120B (Criminal Conspiracy),13,0.95,0,3029386,65.9,Bail Granted
CAS-2026-2027,Cyber Fraud,Madras High Court,IPC 120B (Criminal Conspiracy),35,0.21,0,6501391,78.2,Bail Denied
CAS-2026-2028,Cyber Fraud,Bombay High Court,IPC 307 (Attempt to Murder),11,0.12,1,3363647,69.5,Case Dismissed
CAS-2026-2029,Criminal Breach of Trust,Delhi High Court,IPC 379 (Theft),21,0.9,2,1058101,70.9,Case Dismissed
CAS-2026-2030,Contract Violation,Madras High Court,IPC 120B (Criminal Conspiracy),11,0.16,1,169519,66.6,Bail Denied
CAS-2026-2031,Cheque Bounce u/s 138,District & Sessions Court,IPC 498A (Cruelty),30,0.98,0,7938236,94.6,Bail Granted
CAS-2026-2032,Cheque Bounce u/s 138,Delhi High Court,IT Act 66D,35,0.95,0,1060655,91.4,Bail Granted
CAS-2026-2033,Bail Application,Delhi High Court,NI Act 138 (Cheque Bounce),22,0.22,1,9685296,60.4,Bail Denied
CAS-2026-2034,Criminal Breach of Trust,Supreme Court of India,IPC 379 (Theft),38,0.58,0,2241924,50.6,Case Dismissed
CAS-2026-2035,Criminal Breach of Trust,Karnataka High Court,IPC 307 (Attempt to Murder),31,0.26,1,3079674,87.0,Bail Granted
CAS-2026-2036,Criminal Breach of Trust,Madras High Court,IPC 379 (Theft),14,0.48,0,2392056,94.9,Bail Denied
CAS-2026-2037,Divorce & Maintenance,Delhi High Court,IPC 420 (Cheating),24,0.15,0,8647596,59.6,Bail Denied
CAS-2026-2038,Property Dispute,Supreme Court of India,IPC 420 (Cheating),32,0.3,0,7222759,62.9,Bail Denied
CAS-2026-2039,Divorce & Maintenance,District & Sessions Court,IPC 120B (Criminal Conspiracy),36,0.42,0,2711895,92.1,Case Dismissed
CAS-2026-2040,Property Dispute,Bombay High Court,IPC 120B (Criminal Conspiracy),32,0.49,0,4333384,80.6,Bail Granted
CAS-2026-2041,Criminal Breach of Trust,Madras High Court,IPC 498A (Cruelty),15,0.97,0,7469080,59.8,Case Dismissed
CAS-2026-2042,Criminal Breach of Trust,Delhi High Court,IT Act 66D,43,0.82,0,5952373,74.1,Settlement Agreed
CAS-2026-2043,Divorce & Maintenance,Karnataka High Court,NI Act 138 (Cheque Bounce),35,0.76,0,9415889,92.2,Bail Granted
CAS-2026-2044,Divorce & Maintenance,Supreme Court of India,IPC 379 (Theft),3,0.58,0,7756887,85.6,Case Dismissed
CAS-2026-2045,Property Dispute,Delhi High Court,IPC 420 (Cheating),16,0.85,1,4550696,82.1,Bail Granted
CAS-2026-2046,Cheque Bounce u/s 138,Karnataka High Court,IPC 120B (Criminal Conspiracy),5,0.4,2,2973382,81.8,Settlement Agreed
CAS-2026-2047,Property Dispute,Delhi High Court,NI Act 138 (Cheque Bounce),21,0.73,1,1490179,53.9,Injunction Issued
CAS-2026-2048,Divorce & Maintenance,Madras High Court,IPC 379 (Theft),10,0.98,3,8213324,86.2,Bail Denied
CAS-2026-2049,Contract Violation,Madras High Court,IPC 120B (Criminal Conspiracy),19,0.38,0,7228080,58.8,Case Dismissed
CAS-2026-2050,Divorce & Maintenance,Madras High Court,IPC 120B (Criminal Conspiracy),25,0.7,0,5951361,91.5,Settlement Agreed
CAS-2026-2051,Contract Violation,District & Sessions Court,IPC 420 (Cheating),4,0.85,0,8414052,63.2,Settlement Agreed
CAS-2026-2052,Bail Application,District & Sessions Court,IPC 420 (Cheating),29,0.92,1,3871414,87.9,Bail Granted
CAS-2026-2053,Divorce & Maintenance,Supreme Court of India,IPC 120B (Criminal Conspiracy),19,0.74,0,846470,58.3,Bail Granted
CAS-2026-2054,Bail Application,Madras High Court,IPC 307 (Attempt to Murder),43,0.35,0,9637772,70.7,Bail Denied
CAS-2026-2055,Cheque Bounce u/s 138,Karnataka High Court,IPC 120B (Criminal Conspiracy),2,0.39,1,7168566,50.3,Bail Granted
CAS-2026-2056,Property Dispute,Delhi High Court,NI Act 138 (Cheque Bounce),10,0.12,0,2018517,78.0,Case Dismissed
CAS-2026-2057,Contract Violation,Bombay High Court,IPC 120B (Criminal Conspiracy),43,0.78,0,3559544,86.8,Case Dismissed
CAS-2026-2058,Property Dispute,Karnataka High Court,IPC 498A (Cruelty),25,0.14,0,7372268,80.9,Case Dismissed
CAS-2026-2059,Bail Application,District & Sessions Court,IT Act 66D,20,0.87,0,2930095,71.2,Injunction Issued
CAS-2026-2060,Contract Violation,District & Sessions Court,IPC 498A (Cruelty),19,0.21,0,3529985,47.3,Case Dismissed
CAS-2026-2061,Property Dispute,Karnataka High Court,IPC 498A (Cruelty),23,0.25,0,1411414,91.7,Bail Granted
CAS-2026-2062,Divorce & Maintenance,District & Sessions Court,IPC 307 (Attempt to Murder),24,0.52,0,4285727,80.3,Bail Granted
CAS-2026-2063,Criminal Breach of Trust,Madras High Court,IPC 307 (Attempt to Murder),11,0.76,0,8504196,82.3,Case Dismissed
CAS-2026-2064,Bail Application,Supreme Court of India,IPC 120B (Criminal Conspiracy),46,0.22,1,2914268,84.7,Settlement Agreed
CAS-2026-2065,Property Dispute,Delhi High Court,IPC 498A (Cruelty),34,0.49,1,8945909,82.4,Settlement Agreed
CAS-2026-2066,Bail Application,Supreme Court of India,IPC 307 (Attempt to Murder),28,0.53,0,7158175,67.1,Settlement Agreed
CAS-2026-2067,Cyber Fraud,Delhi High Court,IPC 420 (Cheating),5,0.29,1,4117763,81.7,Bail Denied
CAS-2026-2068,Bail Application,Delhi High Court,IPC 120B (Criminal Conspiracy),5,0.2,0,8031827,76.3,Injunction Issued
CAS-2026-2069,Contract Violation,Supreme Court of India,NI Act 138 (Cheque Bounce),21,0.84,0,8535969,87.7,Case Dismissed
CAS-2026-2070,Cyber Fraud,Karnataka High Court,IT Act 66D,12,0.55,0,7236735,85.1,Bail Denied
CAS-2026-2071,Contract Violation,Delhi High Court,IPC 379 (Theft),4,0.11,0,8332823,47.1,Settlement Agreed
CAS-2026-2072,Criminal Breach of Trust,Supreme Court of India,IPC 120B (Criminal Conspiracy),42,0.81,0,2339665,63.9,Case Dismissed
CAS-2026-2073,Cyber Fraud,Delhi High Court,IPC 379 (Theft),20,0.97,0,6463395,46.7,Bail Denied
CAS-2026-2074,Divorce & Maintenance,Bombay High Court,IPC 498A (Cruelty),38,0.64,0,3523604,50.1,Bail Granted
CAS-2026-2075,Bail Application,Karnataka High Court,IT Act 66D,25,0.55,1,6184556,75.1,Settlement Agreed
CAS-2026-2076,Property Dispute,Madras High Court,IPC 379 (Theft),14,0.88,0,1944348,88.7,Bail Denied
CAS-2026-2077,Cheque Bounce u/s 138,Delhi High Court,IPC 498A (Cruelty),11,0.95,0,859848,51.0,Bail Granted
CAS-2026-2078,Bail Application,Bombay High Court,IPC 420 (Cheating),32,0.77,0,7200282,67.6,Settlement Agreed
CAS-2026-2079,Bail Application,Madras High Court,IPC 379 (Theft),11,0.5,0,9897885,90.5,Injunction Issued
CAS-2026-2080,Criminal Breach of Trust,Madras High Court,IT Act 66D,18,0.63,0,1692023,85.7,Settlement Agreed
CAS-2026-2081,Divorce & Maintenance,Delhi High Court,IPC 120B (Criminal Conspiracy),27,0.72,0,8610974,71.0,Injunction Issued
CAS-2026-2082,Cheque Bounce u/s 138,Supreme Court of India,IPC 498A (Cruelty),18,0.27,0,2393316,83.6,Injunction Issued
CAS-2026-2083,Cyber Fraud,Delhi High Court,IPC 120B (Criminal Conspiracy),23,0.5,1,9281252,71.1,Injunction Issued
CAS-2026-2084,Cyber Fraud,Bombay High Court,IT Act 66D,11,0.84,0,1639152,52.9,Case Dismissed
CAS-2026-2085,Cyber Fraud,Madras High Court,IPC 307 (Attempt to Murder),21,0.68,3,923837,51.2,Case Dismissed
CAS-2026-2086,Contract Violation,Delhi High Court,IPC 498A (Cruelty),44,0.47,0,8881384,54.4,Injunction Issued
CAS-2026-2087,Contract Violation,Supreme Court of India,IPC 379 (Theft),5,0.69,0,456440,62.5,Bail Granted
CAS-2026-2088,Property Dispute,Delhi High Court,IPC 498A (Cruelty),23,0.21,0,941618,91.5,Injunction Issued
CAS-2026-2089,Cheque Bounce u/s 138,Karnataka High Court,IPC 120B (Criminal Conspiracy),41,0.46,0,9450351,85.0,Bail Denied
CAS-2026-2090,Cyber Fraud,Supreme Court of India,IPC 420 (Cheating),25,0.81,0,6091233,66.6,Injunction Issued
CAS-2026-2091,Contract Violation,Bombay High Court,IPC 498A (Cruelty),41,0.3,0,4829124,69.7,Case Dismissed
CAS-2026-2092,Property Dispute,Madras High Court,IPC 379 (Theft),10,0.27,1,1135340,58.3,Case Dismissed
CAS-2026-2093,Divorce & Maintenance,Delhi High Court,IPC 307 (Attempt to Murder),22,0.95,2,8466126,80.2,Bail Denied
CAS-2026-2094,Property Dispute,Supreme Court of India,NI Act 138 (Cheque Bounce),19,0.29,0,203021,85.1,Bail Denied
CAS-2026-2095,Contract Violation,Karnataka High Court,IPC 420 (Cheating),1,0.33,0,7181159,56.9,Settlement Agreed
CAS-2026-2096,Criminal Breach of Trust,Supreme Court of India,IPC 307 (Attempt to Murder),7,0.96,0,2111562,47.1,Bail Granted
CAS-2026-2097,Criminal Breach of Trust,District & Sessions Court,IPC 498A (Cruelty),4,0.75,0,8488817,76.2,Bail Granted
CAS-2026-2098,Cyber Fraud,Karnataka High Court,IPC 120B (Criminal Conspiracy),1,0.72,1,8710679,73.1,Bail Granted
CAS-2026-2099,Criminal Breach of Trust,Bombay High Court,IT Act 66D,15,0.86,1,3906627,65.1,Case Dismissed
CAS-2026-2100,Cyber Fraud,Madras High Court,IPC 120B (Criminal Conspiracy),40,0.2,1,3003561,77.2,Bail Granted
CAS-2026-2101,Cyber Fraud,Bombay High Court,IPC 379 (Theft),12,0.73,0,5573024,72.5,Settlement Agreed
CAS-2026-2102,Contract Violation,Delhi High Court,IPC 120B (Criminal Conspiracy),22,0.55,0,316194,57.5,Settlement Agreed
CAS-2026-2103,Criminal Breach of Trust,Supreme Court of India,IPC 420 (Cheating),22,0.84,0,2554082,64.9,Bail Granted
CAS-2026-2104,Cyber Fraud,District & Sessions Court,IPC 120B (Criminal Conspiracy),47,0.55,3,6574467,66.4,Bail Denied
CAS-2026-2105,Cheque Bounce u/s 138,Karnataka High Court,IPC 379 (Theft),17,0.65,0,7065410,89.0,Settlement Agreed
CAS-2026-2106,Divorce & Maintenance,Karnataka High Court,NI Act 138 (Cheque Bounce),29,0.53,0,3697326,93.0,Bail Denied
CAS-2026-2107,Property Dispute,Supreme Court of India,IPC 498A (Cruelty),46,0.53,0,8496007,89.7,Case Dismissed
CAS-2026-2108,Property Dispute,District & Sessions Court,IT Act 66D,14,0.78,1,5857122,81.0,Settlement Agreed
CAS-2026-2109,Contract Violation,Supreme Court of India,IPC 498A (Cruelty),20,0.66,0,4957162,74.2,Bail Denied
CAS-2026-2110,Criminal Breach of Trust,Delhi High Court,IPC 120B (Criminal Conspiracy),33,0.66,0,6232138,79.5,Bail Granted
CAS-2026-2111,Criminal Breach of Trust,Bombay High Court,IPC 307 (Attempt to Murder),43,0.5,2,6764677,92.0,Case Dismissed
CAS-2026-2112,Cyber Fraud,Karnataka High Court,IPC 498A (Cruelty),15,0.57,2,1134023,57.5,Injunction Issued
CAS-2026-2113,Bail Application,Delhi High Court,NI Act 138 (Cheque Bounce),12,0.76,0,8277088,71.8,Injunction Issued
CAS-2026-2114,Cyber Fraud,Bombay High Court,IPC 120B (Criminal Conspiracy),40,0.84,0,8882153,79.5,Bail Granted
CAS-2026-2115,Divorce & Maintenance,Delhi High Court,IT Act 66D,20,0.72,1,400763,79.0,Case Dismissed
CAS-2026-2116,Cheque Bounce u/s 138,District & Sessions Court,IPC 379 (Theft),30,0.92,2,9544216,57.6,Case Dismissed
CAS-2026-2117,Property Dispute,Karnataka High Court,NI Act 138 (Cheque Bounce),38,0.83,0,3949182,74.3,Case Dismissed
CAS-2026-2118,Cyber Fraud,Supreme Court of India,IPC 120B (Criminal Conspiracy),3,0.6,0,1664458,84.8,Case Dismissed
CAS-2026-2119,Bail Application,Supreme Court of India,NI Act 138 (Cheque Bounce),28,0.7,0,8019584,68.8,Injunction Issued
CAS-2026-2120,Bail Application,Bombay High Court,IPC 498A (Cruelty),26,0.92,1,4342154,84.7,Bail Denied
CAS-2026-2121,Cyber Fraud,Madras High Court,IT Act 66D,30,0.65,0,1677586,63.0,Case Dismissed
CAS-2026-2122,Contract Violation,District & Sessions Court,IPC 379 (Theft),13,0.83,0,4574220,91.9,Bail Denied
CAS-2026-2123,Property Dispute,Bombay High Court,IPC 120B (Criminal Conspiracy),13,0.71,0,8836857,71.7,Case Dismissed
CAS-2026-2124,Contract Violation,Madras High Court,IPC 420 (Cheating),2,0.59,2,1086275,74.8,Settlement Agreed
CAS-2026-2125,Cheque Bounce u/s 138,Delhi High Court,IPC 379 (Theft),37,0.32,0,1510124,46.6,Settlement Agreed
CAS-2026-2126,Bail Application,District & Sessions Court,IPC 420 (Cheating),38,0.48,0,2632000,53.5,Settlement Agreed
CAS-2026-2127,Bail Application,Delhi High Court,NI Act 138 (Cheque Bounce),2,0.96,0,3494020,76.6,Case Dismissed
CAS-2026-2128,Divorce & Maintenance,Karnataka High Court,IPC 307 (Attempt to Murder),36,0.69,0,9960685,66.0,Bail Denied
CAS-2026-2129,Cheque Bounce u/s 138,District & Sessions Court,IPC 379 (Theft),26,0.6,0,910586,70.4,Injunction Issued
CAS-2026-2130,Bail Application,Madras High Court,NI Act 138 (Cheque Bounce),11,0.93,1,7853302,48.1,Bail Granted
CAS-2026-2131,Cheque Bounce u/s 138,Karnataka High Court,IPC 420 (Cheating),8,0.62,0,9917539,86.7,Injunction Issued
CAS-2026-2132,Property Dispute,Supreme Court of India,IPC 498A (Cruelty),44,0.57,2,1699826,84.2,Case Dismissed
CAS-2026-2133,Criminal Breach of Trust,Madras High Court,IPC 498A (Cruelty),40,0.78,0,1448483,54.3,Settlement Agreed
CAS-2026-2134,Bail Application,Bombay High Court,IPC 307 (Attempt to Murder),43,0.73,0,9647474,76.7,Settlement Agreed
CAS-2026-2135,Divorce & Maintenance,Supreme Court of India,IPC 379 (Theft),22,0.27,0,1081598,85.9,Bail Denied
CAS-2026-2136,Property Dispute,Supreme Court of India,IPC 379 (Theft),20,0.52,0,4142974,77.0,Case Dismissed
CAS-2026-2137,Cyber Fraud,Bombay High Court,IPC 379 (Theft),8,0.52,0,9294504,60.5,Injunction Issued
CAS-2026-2138,Cheque Bounce u/s 138,District & Sessions Court,NI Act 138 (Cheque Bounce),29,0.44,1,9448148,77.8,Case Dismissed
CAS-2026-2139,Cyber Fraud,Supreme Court of India,IT Act 66D,40,0.56,1,9229773,55.5,Case Dismissed
CAS-2026-2140,Contract Violation,Madras High Court,IT Act 66D,26,0.47,0,8520149,60.9,Settlement Agreed
CAS-2026-2141,Property Dispute,Karnataka High Court,IPC 307 (Attempt to Murder),30,0.28,3,8964367,57.0,Injunction Issued
CAS-2026-2142,Cyber Fraud,Supreme Court of India,IPC 379 (Theft),17,0.47,0,2944510,72.8,Bail Granted
CAS-2026-2143,Bail Application,Madras High Court,NI Act 138 (Cheque Bounce),20,0.16,1,4423492,50.4,Settlement Agreed
CAS-2026-2144,Cheque Bounce u/s 138,Delhi High Court,IPC 498A (Cruelty),16,0.61,0,308150,91.7,Injunction Issued
CAS-2026-2145,Criminal Breach of Trust,Madras High Court,IPC 420 (Cheating),46,0.86,0,2673338,61.7,Bail Denied
CAS-2026-2146,Property Dispute,Karnataka High Court,NI Act 138 (Cheque Bounce),43,0.75,1,1958777,55.9,Settlement Agreed
CAS-2026-2147,Bail Application,Madras High Court,IT Act 66D,7,0.42,0,6610529,69.8,Bail Denied
CAS-2026-2148,Divorce & Maintenance,Bombay High Court,IT Act 66D,16,0.18,0,580620,58.8,Settlement Agreed
CAS-2026-2149,Contract Violation,Karnataka High Court,IPC 498A (Cruelty),45,0.28,0,5035500,71.7,Case Dismissed
CAS-2026-2150,Cheque Bounce u/s 138,District & Sessions Court,IPC 498A (Cruelty),47,0.59,0,4963099,62.4,Injunction Issued
CAS-2026-2151,Property Dispute,Delhi High Court,IPC 420 (Cheating),27,0.28,1,5019314,51.6,Bail Denied
CAS-2026-2152,Property Dispute,Bombay High Court,IPC 498A (Cruelty),23,0.58,0,7093152,58.3,Settlement Agreed
CAS-2026-2153,Criminal Breach of Trust,District & Sessions Court,IPC 307 (Attempt to Murder),24,0.31,2,6296519,66.9,Bail Denied
CAS-2026-2154,Criminal Breach of Trust,Madras High Court,IPC 420 (Cheating),9,0.86,0,1222207,46.5,Settlement Agreed
CAS-2026-2155,Divorce & Maintenance,Karnataka High Court,IPC 498A (Cruelty),35,0.45,0,9312949,83.5,Settlement Agreed
CAS-2026-2156,Contract Violation,Delhi High Court,IPC 120B (Criminal Conspiracy),20,0.32,1,2790927,76.1,Bail Granted
CAS-2026-2157,Divorce & Maintenance,Bombay High Court,NI Act 138 (Cheque Bounce),37,0.82,0,3136124,75.1,Bail Granted
CAS-2026-2158,Bail Application,District & Sessions Court,IPC 498A (Cruelty),42,0.41,2,527557,72.3,Bail Granted
CAS-2026-2159,Bail Application,District & Sessions Court,IPC 307 (Attempt to Murder),17,0.2,0,2265456,74.5,Bail Denied
CAS-2026-2160,Divorce & Maintenance,Delhi High Court,IPC 379 (Theft),47,0.61,0,465750,91.7,Case Dismissed
CAS-2026-2161,Contract Violation,Madras High Court,IPC 498A (Cruelty),31,0.62,0,7617618,45.4,Settlement Agreed
CAS-2026-2162,Divorce & Maintenance,Delhi High Court,IT Act 66D,8,0.74,0,7867227,47.4,Injunction Issued
CAS-2026-2163,Contract Violation,District & Sessions Court,IT Act 66D,15,0.31,0,584103,54.6,Bail Granted
CAS-2026-2164,Contract Violation,Supreme Court of India,IT Act 66D,31,0.49,1,2252259,53.4,Bail Denied
CAS-2026-2165,Cyber Fraud,Bombay High Court,IPC 379 (Theft),30,0.35,0,3490919,54.1,Bail Denied
CAS-2026-2166,Cheque Bounce u/s 138,Delhi High Court,IT Act 66D,46,0.17,0,6741497,78.6,Bail Denied
CAS-2026-2167,Contract Violation,District & Sessions Court,IPC 120B (Criminal Conspiracy),20,0.88,0,7512609,68.0,Injunction Issued
CAS-2026-2168,Criminal Breach of Trust,Madras High Court,IPC 498A (Cruelty),39,0.75,0,7131119,94.6,Injunction Issued
CAS-2026-2169,Contract Violation,District & Sessions Court,IT Act 66D,12,0.37,0,4555237,56.3,Bail Granted
CAS-2026-2170,Contract Violation,Madras High Court,IPC 420 (Cheating),17,0.63,1,5971348,60.5,Injunction Issued
CAS-2026-2171,Contract Violation,Delhi High Court,IPC 379 (Theft),42,0.28,1,2479220,94.2,Bail Granted
CAS-2026-2172,Cyber Fraud,Madras High Court,IPC 120B (Criminal Conspiracy),30,0.89,1,3619065,86.6,Injunction Issued
CAS-2026-2173,Cyber Fraud,Karnataka High Court,IPC 420 (Cheating),29,0.2,1,7060698,68.5,Injunction Issued
CAS-2026-2174,Bail Application,Karnataka High Court,IPC 420 (Cheating),19,0.1,0,1884210,72.7,Injunction Issued
CAS-2026-2175,Cyber Fraud,Karnataka High Court,IPC 420 (Cheating),46,0.55,1,5298363,87.2,Bail Granted
CAS-2026-2176,Criminal Breach of Trust,Supreme Court of India,IPC 420 (Cheating),11,0.62,0,7441127,69.0,Settlement Agreed
CAS-2026-2177,Criminal Breach of Trust,Delhi High Court,IPC 498A (Cruelty),34,0.62,0,2563501,55.3,Bail Granted
CAS-2026-2178,Cyber Fraud,District & Sessions Court,IT Act 66D,7,0.15,0,9517327,86.4,Settlement Agreed
CAS-2026-2179,Divorce & Maintenance,District & Sessions Court,NI Act 138 (Cheque Bounce),44,0.38,0,2919127,71.9,Bail Denied
CAS-2026-2180,Cheque Bounce u/s 138,Supreme Court of India,IPC 498A (Cruelty),34,0.54,1,6879865,52.7,Bail Denied
CAS-2026-2181,Cyber Fraud,Madras High Court,IPC 498A (Cruelty),20,0.29,0,5126014,70.3,Bail Granted
CAS-2026-2182,Contract Violation,Supreme Court of India,IPC 120B (Criminal Conspiracy),38,0.88,1,2032919,65.7,Settlement Agreed
CAS-2026-2183,Property Dispute,Madras High Court,IPC 120B (Criminal Conspiracy),24,0.18,0,6350674,88.8,Settlement Agreed
CAS-2026-2184,Cheque Bounce u/s 138,Madras High Court,IT Act 66D,10,0.53,0,7720520,51.3,Settlement Agreed
CAS-2026-2185,Cheque Bounce u/s 138,Bombay High Court,NI Act 138 (Cheque Bounce),32,0.72,1,8751964,88.8,Bail Denied
CAS-2026-2186,Criminal Breach of Trust,District & Sessions Court,IPC 120B (Criminal Conspiracy),15,0.33,0,8084705,70.6,Bail Granted
CAS-2026-2187,Cheque Bounce u/s 138,Karnataka High Court,IT Act 66D,37,0.66,0,9615968,65.2,Case Dismissed
CAS-2026-2188,Cyber Fraud,Madras High Court,IT Act 66D,20,0.84,0,8831896,53.1,Settlement Agreed
CAS-2026-2189,Contract Violation,Bombay High Court,IPC 307 (Attempt to Murder),3,0.27,0,2102507,80.0,Settlement Agreed
CAS-2026-2190,Contract Violation,District & Sessions Court,NI Act 138 (Cheque Bounce),37,0.92,0,2752808,91.3,Case Dismissed
CAS-2026-2191,Bail Application,Karnataka High Court,IPC 120B (Criminal Conspiracy),40,0.59,0,4877376,63.8,Bail Granted
CAS-2026-2192,Contract Violation,Madras High Court,NI Act 138 (Cheque Bounce),8,0.37,2,9898972,57.1,Settlement Agreed
CAS-2026-2193,Contract Violation,Madras High Court,IPC 498A (Cruelty),40,0.48,1,7466829,72.7,Bail Granted
CAS-2026-2194,Criminal Breach of Trust,Supreme Court of India,IPC 498A (Cruelty),44,0.38,1,1458293,84.8,Settlement Agreed
CAS-2026-2195,Contract Violation,Supreme Court of India,NI Act 138 (Cheque Bounce),23,0.75,1,2011128,45.2,Injunction Issued
CAS-2026-2196,Bail Application,District & Sessions Court,IPC 307 (Attempt to Murder),40,0.81,0,4856497,76.6,Settlement Agreed
CAS-2026-2197,Property Dispute,Karnataka High Court,IPC 307 (Attempt to Murder),11,0.84,0,5233381,74.8,Injunction Issued
CAS-2026-2198,Cyber Fraud,Madras High Court,NI Act 138 (Cheque Bounce),46,0.98,0,3886065,60.9,Bail Granted
CAS-2026-2199,Criminal Breach of Trust,District & Sessions Court,IPC 120B (Criminal Conspiracy),8,0.8,0,4948243,67.6,Settlement Agreed
CAS-2026-2200,Property Dispute,District & Sessions Court,IPC 379 (Theft),29,0.64,3,2525358,57.3,Bail Denied
CAS-2026-2201,Criminal Breach of Trust,Delhi High Court,IPC 307 (Attempt to Murder),30,0.4,0,7745639,84.5,Bail Denied
CAS-2026-2202,Divorce & Maintenance,Supreme Court of India,IPC 420 (Cheating),10,0.58,0,4017430,76.7,Case Dismissed
CAS-2026-2203,Cheque Bounce u/s 138,Karnataka High Court,IPC 498A (Cruelty),39,0.14,0,9163110,71.6,Bail Denied
CAS-2026-2204,Divorce & Maintenance,Madras High Court,NI Act 138 (Cheque Bounce),28,0.76,0,2205777,64.6,Injunction Issued
CAS-2026-2205,Contract Violation,District & Sessions Court,IPC 420 (Cheating),36,0.5,0,5644223,59.6,Bail Denied
CAS-2026-2206,Property Dispute,Madras High Court,NI Act 138 (Cheque Bounce),13,0.12,0,2490514,86.1,Bail Denied
CAS-2026-2207,Contract Violation,Delhi High Court,IT Act 66D,32,0.16,0,6042712,67.6,Bail Denied
CAS-2026-2208,Cheque Bounce u/s 138,Karnataka High Court,IPC 498A (Cruelty),36,0.44,0,1271758,70.1,Settlement Agreed
CAS-2026-2209,Criminal Breach of Trust,District & Sessions Court,IPC 498A (Cruelty),37,0.62,0,5376085,71.0,Case Dismissed
CAS-2026-2210,Cheque Bounce u/s 138,Madras High Court,IPC 307 (Attempt to Murder),26,0.51,0,7549116,67.4,Bail Granted
CAS-2026-2211,Bail Application,Supreme Court of India,IPC 307 (Attempt to Murder),22,0.65,1,7285180,57.8,Case Dismissed
CAS-2026-2212,Cheque Bounce u/s 138,Delhi High Court,IPC 420 (Cheating),4,0.53,0,1042639,51.0,Injunction Issued
CAS-2026-2213,Bail Application,Karnataka High Court,IT Act 66D,31,0.69,0,8123556,49.9,Settlement Agreed
CAS-2026-2214,Cheque Bounce u/s 138,Delhi High Court,NI Act 138 (Cheque Bounce),18,0.3,3,9480601,82.9,Settlement Agreed
CAS-2026-2215,Cyber Fraud,Supreme Court of India,IT Act 66D,38,0.2,0,9999510,56.2,Bail Denied
CAS-2026-2216,Bail Application,Karnataka High Court,IPC 498A (Cruelty),24,0.63,1,5271666,47.8,Bail Denied
CAS-2026-2217,Property Dispute,Delhi High Court,IPC 420 (Cheating),23,0.53,2,7199492,84.9,Injunction Issued
CAS-2026-2218,Contract Violation,Bombay High Court,IPC 379 (Theft),22,0.12,0,1380280,52.7,Settlement Agreed
CAS-2026-2219,Contract Violation,Supreme Court of India,IPC 420 (Cheating),2,0.44,1,7557451,76.3,Bail Granted
CAS-2026-2220,Divorce & Maintenance,Supreme Court of India,IPC 120B (Criminal Conspiracy),31,0.19,1,5646811,61.9,Case Dismissed
CAS-2026-2221,Contract Violation,Supreme Court of India,IPC 420 (Cheating),11,0.57,0,7227470,51.3,Settlement Agreed
CAS-2026-2222,Criminal Breach of Trust,Bombay High Court,IT Act 66D,28,0.45,0,2950310,65.7,Bail Granted
CAS-2026-2223,Cyber Fraud,Bombay High Court,IPC 120B (Criminal Conspiracy),46,0.65,2,4115789,45.7,Bail Granted
CAS-2026-2224,Cheque Bounce u/s 138,Madras High Court,IPC 120B (Criminal Conspiracy),32,0.82,1,5086518,87.1,Case Dismissed
CAS-2026-2225,Divorce & Maintenance,District & Sessions Court,IPC 120B (Criminal Conspiracy),5,0.37,0,9079666,70.7,Bail Granted
CAS-2026-2226,Criminal Breach of Trust,Delhi High Court,IPC 379 (Theft),38,0.96,0,3827661,52.0,Injunction Issued
CAS-2026-2227,Criminal Breach of Trust,Madras High Court,IPC 420 (Cheating),10,0.58,1,1379372,56.8,Bail Granted
CAS-2026-2228,Bail Application,Delhi High Court,IT Act 66D,40,0.65,0,4195228,67.4,Injunction Issued
CAS-2026-2229,Contract Violation,District & Sessions Court,IPC 420 (Cheating),46,0.71,0,5867034,54.4,Bail Granted
CAS-2026-2230,Property Dispute,Bombay High Court,IPC 379 (Theft),24,0.69,1,8937010,58.4,Bail Denied
CAS-2026-2231,Property Dispute,District & Sessions Court,IPC 498A (Cruelty),35,0.55,0,8203292,71.7,Bail Granted
CAS-2026-2232,Divorce & Maintenance,Bombay High Court,IPC 307 (Attempt to Murder),44,0.48,0,2549851,86.6,Injunction Issued
CAS-2026-2233,Cyber Fraud,District & Sessions Court,IT Act 66D,23,0.15,1,6607552,65.1,Bail Granted
CAS-2026-2234,Property Dispute,Madras High Court,IT Act 66D,17,0.12,1,8770441,80.8,Bail Granted
CAS-2026-2235,Cheque Bounce u/s 138,Karnataka High Court,IPC 420 (Cheating),1,0.42,0,1635834,88.8,Bail Granted
CAS-2026-2236,Property Dispute,Madras High Court,IPC 307 (Attempt to Murder),31,0.4,0,2542547,55.8,Injunction Issued
CAS-2026-2237,Divorce & Maintenance,Delhi High Court,NI Act 138 (Cheque Bounce),31,0.45,0,1336968,85.4,Bail Granted
CAS-2026-2238,Property Dispute,Madras High Court,NI Act 138 (Cheque Bounce),42,0.22,3,3178882,82.9,Case Dismissed
CAS-2026-2239,Cheque Bounce u/s 138,Supreme Court of India,IPC 379 (Theft),42,0.76,0,1621093,62.8,Case Dismissed
CAS-2026-2240,Bail Application,Delhi High Court,NI Act 138 (Cheque Bounce),34,0.86,0,2088022,94.5,Injunction Issued
CAS-2026-2241,Cyber Fraud,District & Sessions Court,IT Act 66D,9,0.94,0,5381592,58.1,Bail Denied
CAS-2026-2242,Divorce & Maintenance,Delhi High Court,NI Act 138 (Cheque Bounce),22,0.54,1,7636381,57.7,Case Dismissed
CAS-2026-2243,Bail Application,Karnataka High Court,IPC 498A (Cruelty),13,0.72,0,8511159,83.6,Settlement Agreed
CAS-2026-2244,Bail Application,Bombay High Court,IPC 498A (Cruelty),25,0.86,0,3293796,66.7,Case Dismissed
CAS-2026-2245,Bail Application,District & Sessions Court,IPC 498A (Cruelty),18,0.47,0,8582216,61.5,Settlement Agreed
CAS-2026-2246,Criminal Breach of Trust,Delhi High Court,NI Act 138 (Cheque Bounce),12,0.38,1,8457038,53.9,Injunction Issued
CAS-2026-2247,Cyber Fraud,District & Sessions Court,IPC 379 (Theft),40,0.93,0,8775147,83.3,Bail Denied
CAS-2026-2248,Contract Violation,District & Sessions Court,IPC 120B (Criminal Conspiracy),17,0.56,0,6639108,84.3,Settlement Agreed
CAS-2026-2249,Cyber Fraud,District & Sessions Court,IPC 120B (Criminal Conspiracy),15,0.54,0,3149307,73.3,Settlement Agreed
CAS-2026-2250,Criminal Breach of Trust,Bombay High Court,IPC 307 (Attempt to Murder),42,0.26,1,6642683,92.9,Case Dismissed
CAS-2026-2251,Contract Violation,Madras High Court,IPC 120B (Criminal Conspiracy),15,0.2,0,2901818,60.9,Settlement Agreed
CAS-2026-2252,Cyber Fraud,District & Sessions Court,IPC 120B (Criminal Conspiracy),15,0.85,0,6019586,56.0,Injunction Issued
CAS-2026-2253,Bail Application,Supreme Court of India,IPC 498A (Cruelty),39,0.65,0,4145721,78.9,Injunction Issued
CAS-2026-2254,Divorce & Maintenance,Karnataka High Court,IPC 498A (Cruelty),13,0.39,2,1963032,82.9,Injunction Issued
CAS-2026-2255,Contract Violation,Bombay High Court,NI Act 138 (Cheque Bounce),17,0.27,0,5044614,56.2,Case Dismissed
CAS-2026-2256,Cheque Bounce u/s 138,Delhi High Court,IPC 307 (Attempt to Murder),32,0.59,3,7952016,48.8,Bail Denied
CAS-2026-2257,Cheque Bounce u/s 138,Bombay High Court,IPC 420 (Cheating),9,0.62,1,7874066,85.5,Case Dismissed
CAS-2026-2258,Property Dispute,Delhi High Court,IT Act 66D,40,0.28,0,7970267,93.8,Injunction Issued
CAS-2026-2259,Contract Violation,Bombay High Court,IPC 307 (Attempt to Murder),20,0.86,0,3189809,77.2,Case Dismissed
CAS-2026-2260,Divorce & Maintenance,Delhi High Court,IPC 307 (Attempt to Murder),26,0.17,0,7919488,58.9,Injunction Issued
CAS-2026-2261,Criminal Breach of Trust,District & Sessions Court,IPC 379 (Theft),27,0.42,0,1478148,94.8,Bail Granted
CAS-2026-2262,Bail Application,Madras High Court,NI Act 138 (Cheque Bounce),21,0.71,0,3144410,89.7,Bail Granted
CAS-2026-2263,Property Dispute,Delhi High Court,IPC 379 (Theft),18,0.34,0,4162118,70.7,Settlement Agreed
CAS-2026-2264,Cheque Bounce u/s 138,Delhi High Court,IPC 307 (Attempt to Murder),13,0.84,2,338826,86.3,Bail Denied
CAS-2026-2265,Criminal Breach of Trust,Supreme Court of India,IPC 307 (Attempt to Murder),16,0.76,0,1817354,85.8,Bail Granted
CAS-2026-2266,Criminal Breach of Trust,Delhi High Court,IPC 307 (Attempt to Murder),9,0.8,1,9239390,91.7,Injunction Issued
CAS-2026-2267,Bail Application,Supreme Court of India,IPC 120B (Criminal Conspiracy),12,0.21,0,581809,87.0,Case Dismissed
CAS-2026-2268,Contract Violation,Karnataka High Court,IT Act 66D,44,0.23,0,9723440,77.2,Case Dismissed
CAS-2026-2269,Cheque Bounce u/s 138,District & Sessions Court,IT Act 66D,38,0.35,1,8362369,75.5,Settlement Agreed
CAS-2026-2270,Divorce & Maintenance,Supreme Court of India,IPC 379 (Theft),19,0.56,0,7384390,68.4,Case Dismissed
CAS-2026-2271,Criminal Breach of Trust,Madras High Court,IPC 307 (Attempt to Murder),7,0.77,1,1918182,76.3,Bail Granted
CAS-2026-2272,Bail Application,District & Sessions Court,IT Act 66D,35,0.84,0,4467209,84.8,Case Dismissed
CAS-2026-2273,Divorce & Maintenance,Supreme Court of India,IPC 498A (Cruelty),18,0.73,0,8882389,93.5,Bail Granted
CAS-2026-2274,Contract Violation,District & Sessions Court,IT Act 66D,16,0.93,1,5516797,68.4,Bail Granted
CAS-2026-2275,Cheque Bounce u/s 138,District & Sessions Court,NI Act 138 (Cheque Bounce),39,0.76,0,2789290,73.7,Bail Denied
CAS-2026-2276,Contract Violation,District & Sessions Court,NI Act 138 (Cheque Bounce),4,0.37,0,137180,67.2,Settlement Agreed
CAS-2026-2277,Criminal Breach of Trust,Karnataka High Court,IT Act 66D,25,0.34,2,9122584,78.4,Injunction Issued
CAS-2026-2278,Divorce & Maintenance,Madras High Court,IPC 498A (Cruelty),32,0.72,0,7646691,76.5,Bail Granted
CAS-2026-2279,Divorce & Maintenance,Bombay High Court,NI Act 138 (Cheque Bounce),40,0.27,2,5711544,45.9,Settlement Agreed
CAS-2026-2280,Divorce & Maintenance,Bombay High Court,IPC 120B (Criminal Conspiracy),13,0.18,1,5470015,72.1,Injunction Issued
CAS-2026-2281,Criminal Breach of Trust,Supreme Court of India,IT Act 66D,45,0.57,1,2351347,49.4,Case Dismissed
CAS-2026-2282,Criminal Breach of Trust,District & Sessions Court,IPC 120B (Criminal Conspiracy),17,0.83,0,4892030,46.3,Settlement Agreed
CAS-2026-2283,Contract Violation,Supreme Court of India,IT Act 66D,37,0.19,0,2719893,84.6,Settlement Agreed
CAS-2026-2284,Property Dispute,Karnataka High Court,IPC 420 (Cheating),6,0.8,1,6802245,57.9,Settlement Agreed
CAS-2026-2285,Contract Violation,Karnataka High Court,IPC 420 (Cheating),19,0.82,0,3891860,62.0,Case Dismissed
CAS-2026-2286,Cheque Bounce u/s 138,Delhi High Court,IPC 420 (Cheating),13,0.53,0,8845662,48.2,Case Dismissed
CAS-2026-2287,Bail Application,Karnataka High Court,NI Act 138 (Cheque Bounce),26,0.15,0,7496526,54.0,Settlement Agreed
CAS-2026-2288,Divorce & Maintenance,Delhi High Court,IPC 120B (Criminal Conspiracy),14,0.26,0,1981986,83.3,Bail Denied
CAS-2026-2289,Property Dispute,Madras High Court,IPC 120B (Criminal Conspiracy),31,0.73,2,1089924,69.7,Bail Granted
CAS-2026-2290,Bail Application,Supreme Court of India,IPC 120B (Criminal Conspiracy),4,0.73,1,2065629,89.0,Case Dismissed
CAS-2026-2291,Property Dispute,Madras High Court,IPC 498A (Cruelty),39,0.9,0,1203248,64.9,Bail Denied
CAS-2026-2292,Cyber Fraud,Karnataka High Court,IPC 120B (Criminal Conspiracy),8,0.62,0,8310125,58.4,Case Dismissed
CAS-2026-2293,Contract Violation,Madras High Court,IPC 498A (Cruelty),25,0.21,1,4363528,62.4,Settlement Agreed
CAS-2026-2294,Criminal Breach of Trust,Madras High Court,IPC 420 (Cheating),13,0.21,0,8315869,80.6,Bail Denied
CAS-2026-2295,Divorce & Maintenance,Madras High Court,IPC 420 (Cheating),32,0.74,3,9518530,72.8,Injunction Issued
CAS-2026-2296,Contract Violation,Karnataka High Court,NI Act 138 (Cheque Bounce),38,0.26,0,8723353,90.2,Bail Granted
CAS-2026-2297,Bail Application,District & Sessions Court,IT Act 66D,38,0.39,0,3683650,75.1,Bail Granted
CAS-2026-2298,Cyber Fraud,Madras High Court,IPC 420 (Cheating),28,0.53,0,2463319,69.7,Case Dismissed
CAS-2026-2299,Cyber Fraud,Delhi High Court,IT Act 66D,30,0.12,3,1918222,84.3,Bail Granted
CAS-2026-2300,Cyber Fraud,Karnataka High Court,IT Act 66D,3,0.32,0,5510687,92.4,Injunction Issued
CAS-2026-2301,Bail Application,Madras High Court,NI Act 138 (Cheque Bounce),28,0.46,0,8299423,62.8,Bail Denied
CAS-2026-2302,Bail Application,District & Sessions Court,IPC 307 (Attempt to Murder),3,0.35,0,663506,57.5,Bail Denied
CAS-2026-2303,Bail Application,Karnataka High Court,IPC 307 (Attempt to Murder),45,0.22,1,7934767,75.8,Settlement Agreed
CAS-2026-2304,Bail Application,Bombay High Court,IPC 379 (Theft),34,0.75,1,9004337,69.9,Bail Denied
CAS-2026-2305,Cyber Fraud,District & Sessions Court,NI Act 138 (Cheque Bounce),16,0.82,0,5572646,94.5,Case Dismissed
CAS-2026-2306,Cyber Fraud,Delhi High Court,IPC 379 (Theft),22,0.33,0,8351043,68.1,Injunction Issued
CAS-2026-2307,Property Dispute,Madras High Court,IPC 379 (Theft),32,0.79,0,5145416,48.7,Settlement Agreed
CAS-2026-2308,Contract Violation,Bombay High Court,IPC 307 (Attempt to Murder),38,0.44,0,5373897,93.9,Case Dismissed
CAS-2026-2309,Divorce & Maintenance,Bombay High Court,NI Act 138 (Cheque Bounce),8,0.55,0,454182,87.2,Case Dismissed
CAS-2026-2310,Criminal Breach of Trust,Karnataka High Court,IPC 307 (Attempt to Murder),8,0.86,0,5242798,53.9,Case Dismissed
CAS-2026-2311,Cyber Fraud,Bombay High Court,IPC 379 (Theft),6,0.77,0,2740955,90.2,Bail Granted
CAS-2026-2312,Criminal Breach of Trust,Delhi High Court,NI Act 138 (Cheque Bounce),14,0.82,0,2598002,62.0,Case Dismissed
CAS-2026-2313,Contract Violation,Delhi High Court,IPC 379 (Theft),32,0.22,0,3016585,63.9,Bail Granted
CAS-2026-2314,Contract Violation,Supreme Court of India,IPC 120B (Criminal Conspiracy),35,0.16,1,1674255,90.3,Bail Denied
CAS-2026-2315,Criminal Breach of Trust,Delhi High Court,IT Act 66D,10,0.9,0,7112022,71.5,Bail Granted
CAS-2026-2316,Cyber Fraud,District & Sessions Court,NI Act 138 (Cheque Bounce),3,0.45,0,3879404,51.9,Case Dismissed
CAS-2026-2317,Criminal Breach of Trust,Bombay High Court,NI Act 138 (Cheque Bounce),12,0.36,0,5647239,63.5,Injunction Issued
CAS-2026-2318,Property Dispute,Delhi High Court,IT Act 66D,31,0.74,0,6010122,81.1,Injunction Issued
CAS-2026-2319,Cheque Bounce u/s 138,Karnataka High Court,IPC 379 (Theft),29,0.84,0,2869785,53.7,Bail Denied
CAS-2026-2320,Cyber Fraud,Supreme Court of India,IPC 120B (Criminal Conspiracy),5,0.87,1,3614078,74.5,Case Dismissed
CAS-2026-2321,Cyber Fraud,Bombay High Court,IPC 498A (Cruelty),25,0.38,0,6063132,79.8,Bail Granted
CAS-2026-2322,Divorce & Maintenance,Supreme Court of India,IT Act 66D,41,0.86,0,2764119,62.2,Injunction Issued
CAS-2026-2323,Bail Application,Bombay High Court,IPC 307 (Attempt to Murder),31,0.14,0,9799755,79.7,Settlement Agreed
CAS-2026-2324,Cheque Bounce u/s 138,Karnataka High Court,IPC 379 (Theft),21,0.14,1,2197951,89.2,Case Dismissed
CAS-2026-2325,Contract Violation,Supreme Court of India,IT Act 66D,20,0.65,0,1679889,68.6,Case Dismissed
CAS-2026-2326,Cyber Fraud,Madras High Court,IT Act 66D,39,0.16,0,9027377,64.1,Settlement Agreed
CAS-2026-2327,Criminal Breach of Trust,District & Sessions Court,NI Act 138 (Cheque Bounce),22,0.39,0,387555,57.6,Injunction Issued
CAS-2026-2328,Cheque Bounce u/s 138,District & Sessions Court,IPC 307 (Attempt to Murder),4,0.7,0,3875944,75.2,Settlement Agreed
CAS-2026-2329,Divorce & Maintenance,Bombay High Court,IPC 307 (Attempt to Murder),13,0.4,3,2844454,89.0,Bail Denied
CAS-2026-2330,Contract Violation,Madras High Court,IPC 307 (Attempt to Murder),45,0.26,1,8896785,61.2,Bail Granted
CAS-2026-2331,Bail Application,Supreme Court of India,IT Act 66D,42,0.35,0,3297418,64.8,Bail Granted
CAS-2026-2332,Bail Application,Madras High Court,IPC 498A (Cruelty),20,0.51,0,2888647,65.3,Injunction Issued
CAS-2026-2333,Divorce & Maintenance,Madras High Court,IPC 420 (Cheating),13,0.52,2,6324898,73.0,Settlement Agreed
CAS-2026-2334,Divorce & Maintenance,Supreme Court of India,IPC 379 (Theft),17,0.8,0,6478384,56.4,Case Dismissed
CAS-2026-2335,Criminal Breach of Trust,Karnataka High Court,IPC 420 (Cheating),36,0.77,0,1670497,86.1,Case Dismissed
CAS-2026-2336,Cyber Fraud,Madras High Court,IT Act 66D,33,0.51,2,834158,59.8,Case Dismissed
CAS-2026-2337,Bail Application,Madras High Court,IPC 420 (Cheating),1,0.85,1,2792205,80.3,Bail Denied
CAS-2026-2338,Contract Violation,Karnataka High Court,IT Act 66D,15,0.2,0,6259729,70.7,Bail Denied
CAS-2026-2339,Cheque Bounce u/s 138,Madras High Court,IPC 420 (Cheating),13,0.33,0,9293839,74.3,Case Dismissed
CAS-2026-2340,Contract Violation,Madras High Court,IPC 307 (Attempt to Murder),17,0.84,0,1522771,54.0,Injunction Issued
CAS-2026-2341,Property Dispute,Madras High Court,IPC 120B (Criminal Conspiracy),24,0.44,1,7045685,81.8,Bail Denied
CAS-2026-2342,Property Dispute,District & Sessions Court,IPC 307 (Attempt to Murder),8,0.97,0,8318616,54.4,Bail Denied
CAS-2026-2343,Divorce & Maintenance,Delhi High Court,IPC 307 (Attempt to Murder),27,0.51,0,7829395,50.7,Bail Granted
CAS-2026-2344,Criminal Breach of Trust,Karnataka High Court,NI Act 138 (Cheque Bounce),45,0.8,0,8376869,72.3,Bail Granted
CAS-2026-2345,Property Dispute,Madras High Court,NI Act 138 (Cheque Bounce),23,0.46,0,2579129,80.5,Injunction Issued
CAS-2026-2346,Bail Application,District & Sessions Court,IPC 420 (Cheating),46,0.48,0,955434,47.5,Bail Denied
CAS-2026-2347,Contract Violation,Karnataka High Court,IT Act 66D,8,0.44,0,408697,48.5,Bail Denied
CAS-2026-2348,Contract Violation,Bombay High Court,IPC 307 (Attempt to Murder),8,0.74,0,3815799,85.1,Settlement Agreed
CAS-2026-2349,Divorce & Maintenance,Bombay High Court,IPC 420 (Cheating),26,0.59,0,4819707,85.5,Injunction Issued
CAS-2026-2350,Cyber Fraud,Madras High Court,NI Act 138 (Cheque Bounce),47,0.94,2,7379074,57.3,Injunction Issued
CAS-2026-2351,Cyber Fraud,District & Sessions Court,IPC 120B (Criminal Conspiracy),13,0.32,0,8561516,75.8,Settlement Agreed
CAS-2026-2352,Cheque Bounce u/s 138,District & Sessions Court,IPC 379 (Theft),39,0.19,1,6132290,67.2,Settlement Agreed
CAS-2026-2353,Divorce & Maintenance,Karnataka High Court,IPC 420 (Cheating),37,0.45,2,4303726,76.6,Bail Granted
CAS-2026-2354,Cheque Bounce u/s 138,Karnataka High Court,IPC 120B (Criminal Conspiracy),28,0.65,0,942606,88.1,Injunction Issued
CAS-2026-2355,Cyber Fraud,District & Sessions Court,IPC 379 (Theft),25,0.87,0,5832452,49.0,Injunction Issued
CAS-2026-2356,Divorce & Maintenance,Karnataka High Court,IPC 498A (Cruelty),16,0.41,2,7477775,83.9,Settlement Agreed
CAS-2026-2357,Divorce & Maintenance,District & Sessions Court,IPC 420 (Cheating),2,0.68,0,3971549,69.7,Case Dismissed
CAS-2026-2358,Divorce & Maintenance,Delhi High Court,IPC 420 (Cheating),18,0.41,0,8939023,73.2,Case Dismissed
CAS-2026-2359,Cyber Fraud,District & Sessions Court,IPC 498A (Cruelty),17,0.65,0,5735312,77.7,Bail Granted
CAS-2026-2360,Cheque Bounce u/s 138,Bombay High Court,IPC 498A (Cruelty),30,0.89,0,7824954,91.1,Case Dismissed
CAS-2026-2361,Cheque Bounce u/s 138,Karnataka High Court,IPC 420 (Cheating),39,0.31,1,3799446,47.8,Case Dismissed
CAS-2026-2362,Divorce & Maintenance,District & Sessions Court,IPC 498A (Cruelty),13,0.46,1,4323138,46.5,Case Dismissed
CAS-2026-2363,Property Dispute,District & Sessions Court,IPC 307 (Attempt to Murder),32,0.98,1,648723,53.9,Bail Denied
CAS-2026-2364,Criminal Breach of Trust,Karnataka High Court,IPC 379 (Theft),29,0.87,0,3332940,94.3,Bail Granted
CAS-2026-2365,Cyber Fraud,Delhi High Court,IPC 379 (Theft),46,0.6,0,4873147,80.8,Settlement Agreed
CAS-2026-2366,Criminal Breach of Trust,Delhi High Court,IPC 379 (Theft),30,0.56,0,8573958,75.7,Case Dismissed
CAS-2026-2367,Criminal Breach of Trust,Karnataka High Court,IPC 307 (Attempt to Murder),18,0.35,0,9597445,47.4,Bail Denied
CAS-2026-2368,Cheque Bounce u/s 138,Supreme Court of India,IT Act 66D,13,0.56,0,9433640,89.0,Case Dismissed
CAS-2026-2369,Cheque Bounce u/s 138,Karnataka High Court,IPC 498A (Cruelty),43,0.85,0,2985579,85.6,Bail Denied
CAS-2026-2370,Property Dispute,Karnataka High Court,IPC 120B (Criminal Conspiracy),21,0.71,0,6012084,78.2,Bail Granted
CAS-2026-2371,Criminal Breach of Trust,Delhi High Court,IPC 498A (Cruelty),30,0.36,0,9180627,62.0,Case Dismissed
CAS-2026-2372,Criminal Breach of Trust,Delhi High Court,IPC 420 (Cheating),21,0.28,0,7455554,48.5,Bail Denied
CAS-2026-2373,Divorce & Maintenance,Karnataka High Court,NI Act 138 (Cheque Bounce),17,0.34,0,1540352,74.0,Injunction Issued
CAS-2026-2374,Cheque Bounce u/s 138,Karnataka High Court,IPC 379 (Theft),40,0.25,0,1977330,81.0,Injunction Issued
CAS-2026-2375,Criminal Breach of Trust,Karnataka High Court,IPC 498A (Cruelty),19,0.19,0,5182070,49.7,Bail Denied
CAS-2026-2376,Contract Violation,Delhi High Court,IPC 120B (Criminal Conspiracy),15,0.47,0,9043742,76.7,Case Dismissed
CAS-2026-2377,Property Dispute,Karnataka High Court,IPC 420 (Cheating),9,0.2,1,5154379,59.3,Case Dismissed
CAS-2026-2378,Contract Violation,Karnataka High Court,IPC 307 (Attempt to Murder),10,0.25,1,7369056,83.2,Bail Granted
CAS-2026-2379,Contract Violation,Madras High Court,IT Act 66D,44,0.59,3,4247036,72.0,Bail Granted
CAS-2026-2380,Cyber Fraud,Supreme Court of India,IPC 307 (Attempt to Murder),31,0.25,0,6308087,51.5,Settlement Agreed
CAS-2026-2381,Cyber Fraud,Bombay High Court,IPC 120B (Criminal Conspiracy),23,0.16,0,1148278,71.3,Bail Granted
CAS-2026-2382,Property Dispute,Supreme Court of India,IPC 420 (Cheating),30,0.38,0,7135483,64.8,Case Dismissed
CAS-2026-2383,Contract Violation,Madras High Court,IPC 379 (Theft),33,0.3,1,223182,54.0,Settlement Agreed
CAS-2026-2384,Criminal Breach of Trust,Bombay High Court,IPC 498A (Cruelty),9,0.56,0,4342895,87.1,Bail Granted
CAS-2026-2385,Cheque Bounce u/s 138,Karnataka High Court,IPC 420 (Cheating),47,0.19,1,7591818,45.6,Bail Denied
CAS-2026-2386,Property Dispute,Madras High Court,IT Act 66D,1,0.77,0,5317975,60.6,Injunction Issued
CAS-2026-2387,Divorce & Maintenance,Karnataka High Court,IPC 307 (Attempt to Murder),44,0.91,2,8572714,45.6,Bail Granted
CAS-2026-2388,Contract Violation,Delhi High Court,IT Act 66D,35,0.76,2,264486,49.8,Bail Granted
CAS-2026-2389,Property Dispute,District & Sessions Court,IT Act 66D,11,0.57,0,3946556,59.9,Bail Denied
CAS-2026-2390,Bail Application,Madras High Court,IPC 120B (Criminal Conspiracy),34,0.87,0,6359225,47.7,Case Dismissed
CAS-2026-2391,Bail Application,Delhi High Court,IPC 120B (Criminal Conspiracy),16,0.72,0,835062,74.8,Bail Denied
CAS-2026-2392,Cyber Fraud,Madras High Court,IPC 498A (Cruelty),9,0.11,0,827468,49.3,Bail Granted
CAS-2026-2393,Cheque Bounce u/s 138,Madras High Court,IPC 120B (Criminal Conspiracy),32,0.45,0,2164618,80.1,Case Dismissed
CAS-2026-2394,Criminal Breach of Trust,Delhi High Court,IPC 120B (Criminal Conspiracy),15,0.86,0,3554707,47.6,Settlement Agreed
CAS-2026-2395,Cheque Bounce u/s 138,Bombay High Court,IPC 420 (Cheating),12,0.41,0,4972587,48.0,Bail Granted
CAS-2026-2396,Cheque Bounce u/s 138,Supreme Court of India,IPC 379 (Theft),33,0.13,0,6384179,60.3,Bail Denied
CAS-2026-2397,Cheque Bounce u/s 138,Karnataka High Court,IPC 498A (Cruelty),45,0.76,0,7014128,89.8,Settlement Agreed
CAS-2026-2398,Cheque Bounce u/s 138,Madras High Court,IPC 420 (Cheating),14,0.81,0,2898658,77.1,Injunction Issued
CAS-2026-2399,Divorce & Maintenance,Karnataka High Court,IPC 379 (Theft),8,0.24,0,7762208,83.5,Settlement Agreed
CAS-2026-2400,Divorce & Maintenance,District & Sessions Court,IT Act 66D,8,0.58,0,1524241,52.1,Bail Denied
CAS-2026-2401,Cyber Fraud,Delhi High Court,IPC 420 (Cheating),27,0.27,1,1002810,86.7,Settlement Agreed
CAS-2026-2402,Property Dispute,Karnataka High Court,NI Act 138 (Cheque Bounce),12,0.74,0,5641543,45.4,Bail Denied
CAS-2026-2403,Bail Application,Delhi High Court,IPC 420 (Cheating),1,0.34,1,3814528,55.7,Bail Granted
CAS-2026-2404,Cheque Bounce u/s 138,Karnataka High Court,IPC 120B (Criminal Conspiracy),43,0.38,0,5269619,75.8,Case Dismissed
CAS-2026-2405,Cyber Fraud,Supreme Court of India,IPC 379 (Theft),40,0.85,0,6495021,63.8,Injunction Issued
CAS-2026-2406,Property Dispute,Supreme Court of India,IPC 498A (Cruelty),42,0.52,0,7061507,94.2,Case Dismissed
CAS-2026-2407,Bail Application,Supreme Court of India,IPC 498A (Cruelty),11,0.7,0,3795611,46.5,Case Dismissed
CAS-2026-2408,Contract Violation,Supreme Court of India,IPC 379 (Theft),39,0.46,0,5531159,94.9,Case Dismissed
CAS-2026-2409,Criminal Breach of Trust,Supreme Court of India,IPC 120B (Criminal Conspiracy),43,0.37,0,9534702,76.2,Bail Denied
CAS-2026-2410,Divorce & Maintenance,Supreme Court of India,IPC 307 (Attempt to Murder),31,0.66,0,3492389,72.9,Bail Denied
CAS-2026-2411,Contract Violation,Delhi High Court,IPC 420 (Cheating),17,0.24,0,3516502,48.0,Injunction Issued
CAS-2026-2412,Bail Application,Madras High Court,IPC 120B (Criminal Conspiracy),33,0.43,0,8451870,58.7,Bail Denied
CAS-2026-2413,Contract Violation,Karnataka High Court,NI Act 138 (Cheque Bounce),32,0.29,1,9242716,91.2,Bail Denied
CAS-2026-2414,Criminal Breach of Trust,Supreme Court of India,IT Act 66D,29,0.72,0,9221486,62.7,Bail Denied
CAS-2026-2415,Cyber Fraud,Delhi High Court,IPC 379 (Theft),21,0.94,0,6325175,78.1,Bail Denied
CAS-2026-2416,Bail Application,Delhi High Court,IPC 420 (Cheating),21,0.99,1,1101622,95.0,Bail Granted
CAS-2026-2417,Contract Violation,Delhi High Court,IPC 498A (Cruelty),40,0.5,0,3346319,58.2,Injunction Issued
CAS-2026-2418,Divorce & Maintenance,Madras High Court,IT Act 66D,23,0.32,1,1736617,73.8,Bail Denied
CAS-2026-2419,Divorce & Maintenance,Karnataka High Court,IPC 307 (Attempt to Murder),6,0.49,0,2566704,79.8,Injunction Issued
CAS-2026-2420,Property Dispute,Madras High Court,NI Act 138 (Cheque Bounce),22,0.85,0,8850519,53.2,Settlement Agreed
CAS-2026-2421,Contract Violation,Bombay High Court,IPC 498A (Cruelty),38,0.28,2,1146251,52.4,Bail Granted
CAS-2026-2422,Cheque Bounce u/s 138,Delhi High Court,IPC 379 (Theft),37,0.95,0,385356,67.8,Bail Denied
CAS-2026-2423,Contract Violation,Bombay High Court,IPC 420 (Cheating),45,0.4,1,3103337,64.3,Bail Granted
CAS-2026-2424,Cyber Fraud,District & Sessions Court,IPC 379 (Theft),8,0.98,0,9657302,80.7,Bail Granted
CAS-2026-2425,Bail Application,Supreme Court of India,IT Act 66D,41,0.85,0,6663484,48.5,Settlement Agreed
CAS-2026-2426,Bail Application,Supreme Court of India,IPC 420 (Cheating),35,0.82,1,8605089,93.6,Injunction Issued
CAS-2026-2427,Cyber Fraud,Madras High Court,IPC 120B (Criminal Conspiracy),11,0.38,0,4362563,45.7,Bail Granted
CAS-2026-2428,Contract Violation,Karnataka High Court,IPC 307 (Attempt to Murder),24,0.11,1,3375654,75.1,Case Dismissed
CAS-2026-2429,Cyber Fraud,Bombay High Court,IPC 120B (Criminal Conspiracy),21,0.44,0,3774777,73.1,Settlement Agreed
CAS-2026-2430,Criminal Breach of Trust,Karnataka High Court,IPC 120B (Criminal Conspiracy),2,0.37,0,6333550,51.7,Case Dismissed
CAS-2026-2431,Cyber Fraud,Madras High Court,IPC 379 (Theft),40,0.13,0,8222734,52.5,Settlement Agreed
CAS-2026-2432,Divorce & Maintenance,Supreme Court of India,IT Act 66D,19,0.55,1,9698821,84.6,Case Dismissed
CAS-2026-2433,Cyber Fraud,Karnataka High Court,IPC 307 (Attempt to Murder),39,0.46,0,6025313,89.4,Case Dismissed
CAS-2026-2434,Bail Application,Karnataka High Court,IPC 420 (Cheating),28,0.66,0,4495102,59.2,Bail Granted
CAS-2026-2435,Divorce & Maintenance,Supreme Court of India,IPC 420 (Cheating),17,0.65,1,8145021,66.9,Bail Granted
CAS-2026-2436,Bail Application,Bombay High Court,NI Act 138 (Cheque Bounce),6,0.21,1,8159562,62.7,Settlement Agreed
CAS-2026-2437,Property Dispute,Supreme Court of India,IPC 498A (Cruelty),19,0.97,0,6924125,48.6,Injunction Issued
CAS-2026-2438,Cheque Bounce u/s 138,Karnataka High Court,NI Act 138 (Cheque Bounce),38,0.27,0,2342019,78.7,Bail Granted
CAS-2026-2439,Bail Application,Bombay High Court,NI Act 138 (Cheque Bounce),28,0.5,0,412051,86.3,Bail Granted
CAS-2026-2440,Divorce & Maintenance,Bombay High Court,IPC 420 (Cheating),2,0.53,0,6270022,60.2,Bail Denied
CAS-2026-2441,Property Dispute,Supreme Court of India,IPC 379 (Theft),38,0.82,0,2891004,94.5,Bail Granted
CAS-2026-2442,Bail Application,Karnataka High Court,IPC 120B (Criminal Conspiracy),37,0.19,0,6362748,48.8,Injunction Issued
CAS-2026-2443,Criminal Breach of Trust,Madras High Court,IT Act 66D,4,0.48,0,3668125,78.1,Bail Denied
CAS-2026-2444,Cyber Fraud,Karnataka High Court,IPC 120B (Criminal Conspiracy),22,0.66,1,6756669,67.4,Case Dismissed
CAS-2026-2445,Cheque Bounce u/s 138,Delhi High Court,IPC 120B (Criminal Conspiracy),26,0.29,1,9642866,67.3,Case Dismissed
CAS-2026-2446,Bail Application,District & Sessions Court,IPC 307 (Attempt to Murder),43,0.66,0,2542905,67.9,Bail Denied
CAS-2026-2447,Property Dispute,Madras High Court,IPC 420 (Cheating),36,0.92,0,9478778,57.9,Bail Denied
CAS-2026-2448,Criminal Breach of Trust,Bombay High Court,IT Act 66D,13,0.99,0,1512210,80.8,Bail Denied
CAS-2026-2449,Contract Violation,Madras High Court,IPC 379 (Theft),32,0.13,0,6125140,81.1,Settlement Agreed
CAS-2026-2450,Property Dispute,Bombay High Court,IPC 307 (Attempt to Murder),17,0.31,1,6462781,59.1,Injunction Issued
CAS-2026-2451,Cyber Fraud,Bombay High Court,IPC 498A (Cruelty),41,0.38,0,3263257,86.8,Injunction Issued
CAS-2026-2452,Property Dispute,Madras High Court,IPC 379 (Theft),36,0.46,0,2774986,60.8,Case Dismissed
CAS-2026-2453,Criminal Breach of Trust,Bombay High Court,NI Act 138 (Cheque Bounce),46,0.32,0,3515814,81.3,Case Dismissed
CAS-2026-2454,Property Dispute,Bombay High Court,IPC 379 (Theft),19,0.28,0,6136860,51.0,Case Dismissed
CAS-2026-2455,Criminal Breach of Trust,Delhi High Court,IPC 379 (Theft),35,0.95,0,2050256,53.4,Bail Granted
CAS-2026-2456,Bail Application,Karnataka High Court,IPC 120B (Criminal Conspiracy),46,0.92,0,2903528,60.8,Case Dismissed
CAS-2026-2457,Criminal Breach of Trust,Karnataka High Court,IPC 379 (Theft),40,0.14,0,5410825,74.7,Bail Denied
CAS-2026-2458,Criminal Breach of Trust,District & Sessions Court,NI Act 138 (Cheque Bounce),28,0.4,0,4354284,77.3,Case Dismissed
CAS-2026-2459,Cheque Bounce u/s 138,District & Sessions Court,NI Act 138 (Cheque Bounce),1,0.46,1,9331822,64.8,Bail Denied
CAS-2026-2460,Criminal Breach of Trust,Delhi High Court,IPC 420 (Cheating),42,0.31,1,265301,48.9,Settlement Agreed
CAS-2026-2461,Criminal Breach of Trust,District & Sessions Court,IPC 379 (Theft),18,0.66,0,4914974,63.7,Bail Granted
CAS-2026-2462,Contract Violation,Madras High Court,IPC 120B (Criminal Conspiracy),40,0.67,0,9590628,79.4,Bail Granted
CAS-2026-2463,Bail Application,Supreme Court of India,IPC 379 (Theft),33,0.86,0,397180,78.5,Injunction Issued
CAS-2026-2464,Cyber Fraud,Supreme Court of India,IPC 498A (Cruelty),12,0.76,0,3505914,53.0,Settlement Agreed
CAS-2026-2465,Cheque Bounce u/s 138,Supreme Court of India,IPC 498A (Cruelty),8,0.58,0,8265786,45.4,Bail Denied
CAS-2026-2466,Contract Violation,Delhi High Court,IPC 120B (Criminal Conspiracy),24,0.68,0,4277927,82.6,Settlement Agreed
CAS-2026-2467,Divorce & Maintenance,Delhi High Court,IPC 420 (Cheating),16,0.34,0,4976831,50.3,Bail Granted
CAS-2026-2468,Bail Application,Bombay High Court,IPC 420 (Cheating),4,0.63,0,5132403,49.1,Bail Denied
CAS-2026-2469,Bail Application,Supreme Court of India,NI Act 138 (Cheque Bounce),38,0.54,0,3329065,45.1,Settlement Agreed
CAS-2026-2470,Divorce & Maintenance,Madras High Court,NI Act 138 (Cheque Bounce),44,0.22,0,687426,66.6,Bail Granted
CAS-2026-2471,Cyber Fraud,District & Sessions Court,IPC 307 (Attempt to Murder),27,0.32,1,3530460,70.2,Bail Denied
CAS-2026-2472,Criminal Breach of Trust,Madras High Court,IPC 120B (Criminal Conspiracy),9,0.36,0,1231614,76.9,Bail Denied
CAS-2026-2473,Contract Violation,District & Sessions Court,IPC 379 (Theft),47,0.92,0,8103029,59.8,Bail Granted
CAS-2026-2474,Property Dispute,Supreme Court of India,IT Act 66D,16,0.31,0,2566507,80.5,Bail Denied
CAS-2026-2475,Cheque Bounce u/s 138,Supreme Court of India,IPC 120B (Criminal Conspiracy),12,0.36,1,5518673,53.5,Bail Granted
CAS-2026-2476,Property Dispute,Supreme Court of India,IPC 307 (Attempt to Murder),31,0.43,1,876385,86.6,Case Dismissed
CAS-2026-2477,Divorce & Maintenance,Delhi High Court,NI Act 138 (Cheque Bounce),24,0.69,1,7564370,73.6,Case Dismissed
CAS-2026-2478,Bail Application,District & Sessions Court,IPC 120B (Criminal Conspiracy),14,0.21,0,9565027,74.2,Bail Denied
CAS-2026-2479,Cyber Fraud,Delhi High Court,IPC 120B (Criminal Conspiracy),45,0.95,0,9495448,55.5,Bail Denied
CAS-2026-2480,Bail Application,Delhi High Court,NI Act 138 (Cheque Bounce),25,0.87,1,9470097,48.7,Bail Granted
CAS-2026-2481,Cheque Bounce u/s 138,Karnataka High Court,IPC 307 (Attempt to Murder),34,0.61,0,4659512,68.2,Bail Denied
CAS-2026-2482,Bail Application,Madras High Court,NI Act 138 (Cheque Bounce),3,0.7,0,6619453,75.8,Injunction Issued
CAS-2026-2483,Bail Application,Madras High Court,IPC 420 (Cheating),24,0.11,1,6946090,49.8,Case Dismissed
CAS-2026-2484,Cheque Bounce u/s 138,Bombay High Court,IPC 379 (Theft),42,0.4,0,8707964,92.5,Bail Denied
CAS-2026-2485,Contract Violation,Delhi High Court,NI Act 138 (Cheque Bounce),9,0.81,0,3095353,94.0,Bail Denied
CAS-2026-2486,Contract Violation,District & Sessions Court,IPC 307 (Attempt to Murder),26,0.17,0,1775255,72.3,Settlement Agreed
CAS-2026-2487,Cheque Bounce u/s 138,Karnataka High Court,IPC 498A (Cruelty),20,0.35,0,8973208,92.5,Bail Denied
CAS-2026-2488,Cyber Fraud,Karnataka High Court,IPC 420 (Cheating),40,0.62,0,9983926,54.0,Injunction Issued
CAS-2026-2489,Divorce & Maintenance,Madras High Court,IPC 498A (Cruelty),10,0.33,0,2008151,46.3,Case Dismissed
CAS-2026-2490,Bail Application,Delhi High Court,IT Act 66D,19,0.93,1,3389363,47.0,Settlement Agreed
CAS-2026-2491,Cyber Fraud,Bombay High Court,NI Act 138 (Cheque Bounce),3,0.22,0,9134839,74.4,Bail Granted
CAS-2026-2492,Bail Application,Delhi High Court,IPC 420 (Cheating),24,0.81,1,9258430,48.1,Bail Granted
CAS-2026-2493,Divorce & Maintenance,Supreme Court of India,IPC 379 (Theft),5,0.55,0,2886202,92.9,Case Dismissed
CAS-2026-2494,Contract Violation,Delhi High Court,NI Act 138 (Cheque Bounce),3,0.77,0,7813409,52.1,Bail Granted
CAS-2026-2495,Cyber Fraud,Supreme Court of India,IPC 379 (Theft),27,0.38,1,4309229,60.2,Injunction Issued
CAS-2026-2496,Criminal Breach of Trust,Supreme Court of India,IPC 120B (Criminal Conspiracy),16,0.56,1,1749379,86.1,Bail Denied
CAS-2026-2497,Criminal Breach of Trust,Bombay High Court,IPC 498A (Cruelty),15,0.86,0,5651093,55.9,Case Dismissed
CAS-2026-2498,Criminal Breach of Trust,District & Sessions Court,IPC 420 (Cheating),35,0.52,1,2492001,57.1,Settlement Agreed
CAS-2026-2499,Contract Violation,Madras High Court,IPC 379 (Theft),12,0.42,1,2416830,77.1,Bail Denied
